dateff,mktrf,smb,hml,rf,umd
19260731,0.029600,-0.023000,-0.028700,0.00220,
19260831,0.026400,-0.014000,0.041900,0.00250,
19260930,0.003600,-0.013200,0.000100,0.00230,
19261030,-0.032400,0.000400,0.005100,0.00320,
19261130,0.025300,-0.002000,-0.003500,0.00310,
19261231,0.026200,-0.000400,-0.000200,0.00280,
19270131,-0.000600,-0.005600,0.048300,0.00250,0.004400
19270228,0.041800,-0.001000,0.031700,0.00260,-0.020100
19270331,0.001300,-0.016000,-0.026700,0.00300,0.035900
19270430,0.004600,0.004300,0.006000,0.00250,0.041900
19270531,0.054400,0.014100,0.049300,0.00300,0.030100
19270630,-0.023400,0.004700,-0.015300,0.00260,0.005100
19270730,0.072600,-0.032300,-0.011600,0.00300,0.043200
19270831,0.019700,-0.007200,-0.036900,0.00280,0.011200
19270930,0.047600,-0.035700,-0.007100,0.00210,0.019300
19271031,-0.043100,0.021300,-0.043300,0.00250,-0.011100
19271130,0.065800,0.027600,-0.003100,0.00210,-0.006800
19271231,0.020900,0.009300,-0.010600,0.00220,0.031900
19280131,-0.006800,0.042500,-0.007200,0.00250,-0.006000
19280229,-0.017000,-0.020300,-0.006900,0.00330,-0.010200
19280331,0.088100,-0.002600,-0.012000,0.00290,0.048700
19280430,0.042300,0.038200,0.036700,0.00220,-0.056500
19280531,0.015200,0.029800,-0.034600,0.00320,0.028500
19280630,-0.048500,-0.035000,-0.000600,0.00310,0.020500
19280731,0.006200,-0.013500,-0.004700,0.00320,0.027500
19280831,0.066800,-0.020700,-0.021100,0.00320,0.036200
19280929,0.028800,0.021800,0.007600,0.00270,0.036200
19281031,0.013300,0.022700,-0.022600,0.00410,0.050500
19281130,0.118100,-0.018100,0.028000,0.00380,0.019300
19281231,0.003600,-0.008500,-0.006000,0.00060,0.017100
19290131,0.046600,-0.035400,-0.012100,0.00340,0.024700
19290228,-0.003400,-0.003900,0.016800,0.00360,0.030900
19290328,-0.008900,-0.047800,0.015600,0.00340,-0.009200
19290430,0.014300,-0.009900,0.006100,0.00360,0.018900
19290531,-0.063900,-0.054600,-0.015700,0.00440,-0.020400
19290629,0.097000,-0.021700,-0.027600,0.00520,0.087900
19290731,0.044600,-0.038800,0.026600,0.00330,0.029400
19290830,0.081800,-0.095200,0.000600,0.00400,0.046300
19290930,-0.054700,0.011700,-0.006300,0.00350,0.030400
19291031,-0.201200,-0.040800,0.078500,0.00460,0.040900
19291127,-0.127400,-0.019100,0.053300,0.00370,-0.020200
19291231,0.013300,-0.042000,-0.005900,0.00370,0.051500
19300131,0.056100,0.035800,-0.010100,0.00140,-0.050400
19300228,0.025000,0.001200,0.003900,0.00300,0.004200
19300331,0.071000,0.034400,0.001500,0.00350,-0.041800
19300430,-0.020600,-0.001700,-0.008400,0.00210,0.039400
19300529,-0.016600,-0.020400,-0.006300,0.00260,-0.000100
19300630,-0.162700,-0.032200,0.020000,0.00270,0.066100
19300731,0.041200,-0.003700,-0.015600,0.00200,-0.021600
19300829,0.003000,-0.022200,-0.007800,0.00090,0.039500
19300930,-0.127500,-0.022200,-0.052700,0.00220,0.114400
19301031,-0.087800,-0.001000,-0.013500,0.00090,0.069500
19301129,-0.030400,0.022100,-0.035300,0.00130,-0.011700
19301231,-0.078300,-0.046800,-0.053900,0.00140,0.132900
19310131,0.062400,0.038100,0.072100,0.00150,-0.109400
19310228,0.108800,0.033900,0.016000,0.00040,-0.143700
19310331,-0.064300,0.030700,-0.036500,0.00130,0.095500
19310430,-0.099800,-0.046100,-0.039200,0.00080,0.114200
19310529,-0.132400,0.051600,-0.065700,0.00090,0.090300
19310630,0.139000,-0.053800,0.113000,0.00080,-0.178500
19310731,-0.066200,0.014300,-0.021000,0.00060,0.080500
19310831,0.004100,-0.019700,-0.014900,0.00030,-0.035200
19310930,-0.291300,0.005600,-0.067500,0.00030,0.101800
19311031,0.080400,-0.018700,0.017000,0.00100,0.032800
19311130,-0.090800,0.043000,-0.050500,0.00170,0.076100
19311231,-0.135300,-0.005600,-0.088600,0.00120,0.141700
19320130,-0.015800,0.039400,0.090400,0.00230,-0.103200
19320229,0.054600,-0.027700,-0.014500,0.00230,0.016200
19320331,-0.112100,0.022700,-0.023200,0.00160,0.103300
19320430,-0.179600,0.014400,0.014200,0.00110,0.069500
19320531,-0.205100,0.037200,-0.032800,0.00060,0.122000
19320630,-0.007000,0.003500,0.053200,0.00020,0.021000
19320730,0.338400,-0.044400,0.354600,0.00030,-0.439400
19320831,0.370600,0.142900,0.330300,0.00030,-0.522600
19320930,-0.029400,-0.024300,-0.068200,0.00030,0.024400
19321031,-0.131700,-0.027600,-0.100400,0.00020,0.042900
19321130,-0.058800,0.020800,-0.132800,0.00020,-0.020900
19321231,0.044000,-0.082700,-0.081700,0.00010,0.052600
19330131,0.012500,0.006900,0.062300,0.00010,-0.015300
19330228,-0.152400,-0.027500,-0.027300,-0.00030,0.041900
19330331,0.032900,0.039000,0.073800,0.00040,0.023500
19330429,0.388500,0.045600,0.174300,0.00100,-0.159500
19330531,0.214300,0.367000,0.190300,0.00040,-0.039200
19330630,0.131100,0.086700,-0.018800,0.00020,0.035400
19330731,-0.096300,-0.010100,0.032700,0.00020,0.004100
19330831,0.120500,-0.054500,0.029600,0.00030,0.075100
19330930,-0.106500,-0.003200,-0.117700,0.00020,0.016500
19331031,-0.083600,-0.000800,-0.084600,0.00010,-0.022800
19331129,0.099700,-0.064800,0.023300,0.00020,0.063500
19331230,0.018300,0.006600,-0.015300,0.00020,0.039600
19340131,0.126000,0.125300,0.155400,0.00050,-0.031000
19340228,-0.025000,0.051900,0.021200,0.00020,-0.002500
19340331,0.000900,0.025100,-0.027300,0.00020,-0.008600
19340430,-0.017900,0.028000,-0.037500,0.00010,-0.051200
19340531,-0.072500,-0.002600,-0.059100,0.00010,-0.028300
19340630,0.026400,-0.021400,-0.029200,0.00010,-0.009600
19340731,-0.109600,-0.069400,-0.106600,0.00010,0.087300
19340831,0.055800,0.054200,0.005000,0.00010,0.024100
19340929,-0.002300,-0.015200,-0.012400,0.00010,-0.001000
19341031,-0.016600,0.012400,-0.051100,0.00010,0.069100
19341130,0.083300,0.064900,-0.022400,0.00010,0.042200
19341231,0.003600,0.030800,-0.031700,0.00010,0.046300
19350131,-0.034500,0.010700,-0.018900,0.00010,0.036000
19350228,-0.019400,0.004200,-0.072400,0.00020,0.137500
19350330,-0.036800,-0.035400,-0.050600,0.00010,0.028600
19350430,0.090600,-0.015600,0.042700,0.00010,-0.047200
19350531,0.034700,-0.033400,0.026100,0.00010,-0.036700
19350629,0.059300,-0.025100,-0.016500,0.00010,0.020700
19350731,0.075100,0.014700,0.068600,0.00010,-0.042200
19350831,0.026500,0.062800,0.057000,0.00010,-0.076900
19350930,0.026300,0.015700,-0.040500,0.00010,0.089300
19351031,0.070300,0.026500,-0.023300,0.00010,0.020900
19351130,0.048800,0.043000,0.119100,0.00020,-0.059100
19351231,0.045600,0.002200,0.010700,0.00010,0.037500
19360131,0.068900,0.051000,0.105100,0.00010,-0.033600
19360229,0.024900,0.011400,0.050400,0.00010,0.025700
19360331,0.009900,0.006600,-0.016600,0.00020,0.017300
19360430,-0.081400,-0.060300,-0.020800,0.00020,-0.078300
19360529,0.051900,0.008100,0.026300,0.00020,0.023700
19360630,0.024000,-0.032500,-0.012000,0.00030,0.004500
19360731,0.066700,0.011400,0.025600,0.00010,0.029000
19360831,0.009900,0.007200,0.039900,0.00020,0.006100
19360930,0.009800,0.030700,0.008800,0.00010,0.012700
19361031,0.071200,-0.023900,0.025200,0.00020,0.009900
19361130,0.032700,0.090100,-0.009200,0.00010,0.021100
19361231,0.002100,0.036100,0.039600,0.00000,0.021100
19370130,0.033500,0.043100,0.026100,0.00010,-0.018500
19370227,0.010900,0.012300,0.050500,0.00020,0.029800
19370331,-0.002700,-0.017800,0.063900,0.00010,0.028100
19370430,-0.073600,-0.037700,-0.036100,0.00030,-0.037100
19370528,-0.008300,-0.006600,-0.034900,0.00060,0.005100
19370630,-0.042100,-0.036500,-0.032100,0.00030,0.006800
19370731,0.089100,0.008500,0.008200,0.00030,-0.004000
19370831,-0.048600,0.004200,-0.022500,0.00020,-0.017900
19370930,-0.136100,-0.068900,-0.045700,0.00040,-0.071400
19371030,-0.096100,0.004500,-0.016200,0.00020,-0.015600
19371130,-0.083100,-0.036500,0.002000,0.00020,-0.009700
19371231,-0.042400,-0.077600,-0.003900,0.00000,0.047000
19380131,0.004900,0.049700,-0.016000,0.00000,-0.014400
19380228,0.058400,0.003500,-0.020200,0.00000,-0.030800
19380331,-0.238200,-0.042400,-0.035200,-0.00010,0.157500
19380430,0.145100,0.063700,0.001800,0.00010,-0.088800
19380531,-0.038300,-0.024700,-0.002800,0.00000,0.071300
19380630,0.238700,0.040500,0.003000,0.00000,-0.248600
19380730,0.073400,0.066600,0.021800,-0.00010,-0.064400
19380831,-0.026700,-0.024400,-0.047200,0.00000,0.039500
19380930,0.008100,-0.027200,-0.016200,0.00020,0.025300
19381031,0.078000,0.058300,0.050100,0.00010,-0.077000
19381130,-0.017200,-0.025600,-0.012300,-0.00060,0.031300
19381231,0.041900,-0.018000,0.005000,0.00000,0.020500
19390131,-0.059600,-0.015600,-0.039200,-0.00010,-0.030500
19390228,0.035100,0.006300,0.029500,0.00010,0.032500
19390331,-0.119900,-0.047600,-0.082900,-0.00010,-0.014800
19390429,-0.001800,0.016600,-0.003000,0.00000,0.027000
19390531,0.068000,0.028100,0.004700,0.00010,0.035600
19390630,-0.053100,-0.010200,-0.054100,0.00010,0.019600
19390731,0.102400,0.043200,-0.000300,0.00000,-0.005700
19390831,-0.066800,-0.046100,-0.024200,-0.00010,0.059000
19390930,0.168800,0.202300,0.222200,0.00010,-0.303500
19391031,-0.005300,-0.000100,-0.048900,0.00000,0.064800
19391130,-0.036200,-0.050700,-0.064600,0.00000,-0.002200
19391230,0.030300,0.007900,-0.040600,0.00000,0.054000
19400131,-0.024100,0.002400,-0.007700,0.00000,0.017400
19400229,0.014400,0.025100,-0.003200,0.00000,0.018100
19400330,0.020500,0.012500,-0.012700,0.00000,-0.003600
19400430,0.002200,0.039200,-0.001300,0.00000,0.033300
19400531,-0.219500,-0.066600,-0.036900,-0.00020,0.028600
19400629,0.066700,-0.021300,0.046300,0.00000,-0.021400
19400731,0.031600,0.010100,-0.007400,0.00010,0.008500
19400831,0.021900,-0.001100,0.005600,-0.00010,-0.016100
19400930,0.023900,0.032200,-0.011300,0.00000,-0.002600
19401031,0.030200,0.002800,0.046400,0.00000,-0.065300
19401130,-0.016100,0.019400,0.001200,0.00000,0.013300
19401231,0.006900,-0.021500,-0.008900,0.00000,0.034600
19410131,-0.041700,0.010000,0.038300,-0.00010,-0.047200
19410228,-0.014300,-0.015700,0.008900,-0.00010,0.009100
19410331,0.008400,0.001000,0.030400,0.00010,0.024300
19410430,-0.054600,-0.016900,0.034100,-0.00010,0.030300
19410531,0.013900,-0.006600,0.006000,0.00000,0.024600
19410630,0.058300,0.013200,0.005900,0.00000,-0.006400
19410731,0.058700,0.057000,0.072500,0.00030,-0.017500
19410830,-0.001700,-0.004100,-0.011000,0.00010,0.001700
19410930,-0.008700,-0.009900,-0.002800,0.00010,-0.015700
19411031,-0.052500,-0.020200,0.016300,0.00000,0.047400
19411129,-0.019200,-0.012100,-0.006400,0.00000,0.040400
19411231,-0.048700,-0.029800,-0.059400,0.00010,0.002800
19420131,0.007900,0.075200,0.101000,0.00020,-0.035800
19420228,-0.024600,0.017200,-0.011300,0.00010,-0.007100
19420331,-0.065800,0.017800,-0.006200,0.00010,-0.002100
19420430,-0.043700,-0.006000,0.020900,0.00010,-0.007900
19420529,0.059400,-0.030500,-0.026500,0.00030,-0.047100
19420630,0.026900,-0.012200,0.005400,0.00020,-0.013200
19420731,0.035100,-0.001600,0.024000,0.00030,0.007700
19420831,0.018000,-0.000900,0.013300,0.00030,-0.001300
19420930,0.026100,0.006600,0.023900,0.00030,-0.006400
19421031,0.068200,0.018200,0.064700,0.00030,-0.040100
19421130,0.001500,-0.015400,-0.042400,0.00030,-0.009700
19421231,0.051200,-0.024900,0.005600,0.00030,0.030600
19430130,0.071300,0.087800,0.082300,0.00030,-0.003600
19430227,0.061500,0.048400,0.065100,0.00030,-0.014600
19430331,0.060100,0.050300,0.054800,0.00030,0.047400
19430430,0.008100,0.020600,0.058600,0.00030,0.061800
19430529,0.057400,0.044100,0.032800,0.00030,0.056100
19430630,0.018200,-0.010600,-0.007400,0.00030,-0.013000
19430731,-0.047700,-0.024100,-0.022700,0.00030,-0.045900
19430831,0.013000,-0.006200,-0.004700,0.00030,0.007100
19430930,0.024000,0.012800,0.014300,0.00030,0.017800
19431030,-0.011500,0.005800,0.016500,0.00030,-0.005300
19431130,-0.059100,-0.016400,-0.040400,0.00030,-0.047200
19431231,0.063600,0.033400,0.032200,0.00030,0.059900
19440131,0.017400,0.025600,0.021700,0.00030,0.009700
19440229,0.003700,-0.001000,0.008300,0.00030,0.003400
19440331,0.024600,0.017100,0.034300,0.00020,0.026100
19440429,-0.016900,-0.013500,-0.011300,0.00030,0.005200
19440531,0.050700,0.016700,0.010200,0.00030,0.020700
19440630,0.054900,0.040400,0.018200,0.00030,-0.052200
19440731,-0.014900,0.005500,-0.004300,0.00030,0.001900
19440831,0.015700,0.024100,-0.016300,0.00030,0.046800
19440930,0.000100,0.004700,-0.012100,0.00020,-0.010800
19441031,0.001600,-0.001400,-0.003400,0.00030,-0.012400
19441130,0.017100,0.003700,0.023100,0.00030,0.012800
19441230,0.040300,0.022400,0.059100,0.00020,0.033600
19450131,0.020100,0.024400,0.007100,0.00030,0.000400
19450228,0.062300,0.015600,0.044000,0.00020,0.030300
19450331,-0.038900,-0.016100,-0.017800,0.00020,-0.032800
19450430,0.078000,0.003200,0.032100,0.00030,0.047900
19450531,0.017300,0.015100,0.003500,0.00030,0.001100
19450630,0.003900,0.031000,0.043200,0.00020,0.041100
19450731,-0.021700,-0.014600,-0.027100,0.00030,-0.026200
19450831,0.062000,0.016100,-0.044000,0.00030,-0.014000
19450929,0.047700,0.017100,0.004800,0.00030,0.014000
19451031,0.038900,0.024600,0.022500,0.00030,0.002500
19451130,0.053900,0.041600,0.043400,0.00020,0.042600
19451231,0.012000,0.021200,-0.023200,0.00030,0.012500
19460131,0.062400,0.040200,0.022100,0.00030,0.037600
19460228,-0.058300,-0.007300,-0.012700,0.00030,-0.014500
19460330,0.058700,0.003100,-0.003600,0.00030,0.026900
19460430,0.042300,0.023700,0.004500,0.00030,0.030300
19460531,0.039300,0.014600,0.010900,0.00030,-0.006100
19460628,-0.038900,-0.015300,-0.005900,0.00030,-0.025200
19460731,-0.026900,-0.020600,0.000400,0.00030,-0.001000
19460830,-0.064400,-0.017800,0.006000,0.00030,-0.000300
19460930,-0.101700,-0.044100,-0.019600,0.00030,0.007400
19461031,-0.014400,0.000900,0.034400,0.00030,0.009700
19461130,-0.000100,-0.004000,0.015200,0.00030,0.002000
19461231,0.049600,0.000600,-0.013800,0.00030,-0.001000
19470131,0.012500,0.021800,-0.007300,0.00030,-0.064400
19470228,-0.010800,0.006800,0.001400,0.00030,-0.004900
19470331,-0.016700,-0.016100,0.006100,0.00030,0.040600
19470430,-0.048000,-0.039700,0.008500,0.00030,0.050500
19470529,-0.009700,-0.032600,0.003400,0.00030,0.033300
19470630,0.052900,-0.003100,-0.006000,0.00030,-0.018500
19470731,0.041400,0.014300,0.028200,0.00030,-0.034200
19470829,-0.017400,0.003000,0.001600,0.00030,0.033800
19470930,-0.005400,0.016400,0.013600,0.00060,-0.000200
19471031,0.024700,0.005100,0.000800,0.00060,0.013400
19471129,-0.019700,-0.017400,0.010600,0.00060,0.042300
19471231,0.030000,-0.024800,0.036900,0.00080,0.036000
19480131,-0.039300,0.024900,0.013800,0.00070,-0.042900
19480228,-0.043800,-0.017100,0.000700,0.00070,0.014700
19480331,0.080700,0.001300,0.044900,0.00090,-0.001900
19480430,0.036500,-0.016600,0.041000,0.00080,0.040600
19480528,0.073000,0.009300,-0.012300,0.00080,0.023800
19480630,-0.001000,-0.018600,0.027500,0.00090,0.039900
19480730,-0.050900,-0.003200,0.000700,0.00080,-0.015800
19480831,0.002500,-0.011000,0.002700,0.00090,0.002300
19480930,-0.029700,-0.012300,-0.017900,0.00040,-0.012600
19481030,0.059600,-0.015000,0.005600,0.00040,0.027900
19481130,-0.093000,-0.006200,-0.041400,0.00040,0.006000
19481231,0.032600,-0.028000,-0.019400,0.00040,0.046600
19490131,0.002300,0.018100,0.011700,0.00100,-0.029200
19490228,-0.029300,-0.018900,-0.009100,0.00090,-0.004100
19490331,0.040400,0.024800,0.013400,0.00100,-0.008700
19490430,-0.018700,-0.008900,-0.011800,0.00090,0.030600
19490531,-0.029400,-0.007700,-0.024200,0.00100,0.030400
19490630,0.001000,-0.008800,-0.017600,0.00100,-0.012800
19490729,0.055400,0.005700,0.003800,0.00090,-0.015400
19490831,0.026000,0.001300,-0.005700,0.00090,0.017000
19490930,0.030900,0.010500,0.002300,0.00090,-0.014200
19491031,0.031400,0.010300,-0.004900,0.00090,0.000000
19491130,0.018200,-0.009300,-0.009100,0.00080,0.012700
19491231,0.051300,0.020700,0.017500,0.00090,-0.007800
19500131,0.017000,0.033600,0.001400,0.00090,-0.023200
19500228,0.014800,0.000400,-0.008100,0.00090,0.013600
19500331,0.012600,-0.014100,-0.027700,0.00100,0.015400
19500429,0.039400,0.019900,0.013400,0.00090,0.003300
19500531,0.043100,-0.021200,0.004600,0.00100,0.003800
19500630,-0.059400,-0.023800,-0.007800,0.00100,-0.016600
19500731,0.013600,0.005100,0.136600,0.00100,-0.004700
19500831,0.048500,0.007300,-0.014100,0.00100,0.032100
19500929,0.048100,0.005700,-0.011100,0.00100,-0.001300
19501031,-0.001800,-0.005800,0.014400,0.00120,0.014200
19501130,0.027600,-0.008400,0.031700,0.00110,0.035900
19501230,0.055400,0.014900,0.072300,0.00110,0.049700
19510131,0.057000,0.017300,0.037200,0.00130,0.020000
19510228,0.014100,0.000900,-0.028300,0.00100,-0.015800
19510331,-0.021500,-0.006400,-0.042200,0.00110,-0.029500
19510430,0.048600,-0.014900,0.032800,0.00130,0.060200
19510531,-0.023400,-0.000100,-0.013300,0.00120,-0.009300
19510629,-0.026200,-0.019500,-0.039600,0.00120,-0.023900
19510731,0.069400,-0.019900,0.020100,0.00130,0.072400
19510831,0.042700,0.009900,-0.001600,0.00130,0.010000
19510928,0.007000,0.019000,0.006100,0.00120,0.005600
19511031,-0.025300,-0.002200,0.002500,0.00160,-0.003100
19511130,0.005700,-0.002900,-0.000500,0.00110,0.006300
19511231,0.033300,-0.022500,-0.015600,0.00120,0.017000
19520131,0.014500,-0.006100,0.015400,0.00150,0.013700
19520229,-0.026200,0.007900,-0.006100,0.00120,-0.007500
19520331,0.044400,-0.029900,0.021600,0.00110,0.016500
19520430,-0.049700,0.004800,-0.001000,0.00120,-0.020400
19520529,0.032000,-0.010100,0.000800,0.00130,0.004900
19520630,0.038300,-0.016100,0.012300,0.00150,0.015000
19520731,0.009100,-0.004000,-0.003500,0.00150,-0.005200
19520829,-0.007600,0.011800,0.000300,0.00150,0.003100
19520930,-0.020300,0.011500,-0.015100,0.00160,0.017600
19521031,-0.006600,-0.010600,-0.004500,0.00140,0.027500
19521128,0.059400,-0.007100,0.009500,0.00100,0.004400
19521231,0.029300,-0.014800,0.001800,0.00160,0.015100
19530130,-0.003400,0.035800,0.013200,0.00160,0.007200
19530227,-0.002700,0.021500,-0.000800,0.00140,0.008600
19530331,-0.014300,-0.001900,-0.008000,0.00180,0.000800
19530430,-0.028300,0.002800,0.015300,0.00160,0.018500
19530529,0.005200,-0.000700,0.002300,0.00170,0.009400
19530630,-0.018900,-0.018600,-0.004700,0.00180,-0.000100
19530731,0.024000,-0.010500,-0.002400,0.00150,-0.003100
19530831,-0.045200,0.003600,-0.035400,0.00170,0.022100
19530930,0.002000,-0.008500,-0.024200,0.00160,0.028800
19531030,0.046000,-0.013700,-0.001900,0.00130,0.002700
19531130,0.028300,-0.012900,-0.001700,0.00080,0.019500
19531231,0.000300,-0.008400,-0.028400,0.00130,0.051900
19540129,0.051300,0.004600,0.035100,0.00110,-0.057400
19540226,0.016700,-0.001700,-0.002800,0.00070,0.010300
19540331,0.036500,-0.004900,-0.014600,0.00080,0.022000
19540430,0.042700,-0.034800,-0.003700,0.00090,0.049800
19540528,0.030900,0.003900,0.024600,0.00050,-0.019900
19540630,0.010700,0.004100,-0.000300,0.00060,0.035200
19540730,0.049900,0.010700,0.041100,0.00050,0.004400
19540831,-0.023400,0.026600,-0.013600,0.00050,-0.006400
19540930,0.063900,-0.025400,0.006600,0.00090,0.015400
19541029,-0.016700,0.005900,0.007200,0.00070,0.009600
19541130,0.093800,-0.026200,0.043600,0.00060,0.019300
19541231,0.054800,0.021400,0.057100,0.00080,-0.014100
19550131,0.006000,0.002500,0.021800,0.00080,0.013600
19550228,0.030200,0.015400,0.006200,0.00090,0.010900
19550331,-0.001600,-0.006600,0.019500,0.00100,0.010300
19550429,0.031100,-0.017900,0.008100,0.00100,0.000900
19550531,0.009300,-0.002900,-0.008600,0.00140,0.005600
19550630,0.065500,-0.046500,0.019200,0.00100,0.046600
19550729,0.019000,-0.013600,0.006300,0.00100,-0.012300
19550831,0.002100,-0.003800,0.005800,0.00160,0.017900
19550930,-0.003600,0.003000,-0.010600,0.00160,0.017700
19551031,-0.026800,0.015000,-0.000300,0.00180,-0.005000
19551130,0.070300,-0.024600,0.005000,0.00170,0.026700
19551230,0.014900,0.020800,-0.022400,0.00180,-0.013300
19560131,-0.030300,0.004400,0.011200,0.00220,-0.014800
19560229,0.037700,-0.010400,-0.005300,0.00190,0.019700
19560329,0.066400,-0.024200,-0.001400,0.00150,0.035900
19560430,0.002800,0.000700,-0.001800,0.00190,0.025700
19560531,-0.052000,0.015000,-0.013300,0.00230,-0.016200
19560629,0.034800,-0.014600,-0.013200,0.00200,0.027100
19560731,0.048400,-0.016800,-0.000100,0.00220,0.025200
19560831,-0.031800,0.019000,-0.007100,0.00170,-0.006900
19560928,-0.051400,0.015600,0.017900,0.00180,-0.007600
19561031,0.005200,-0.000900,-0.000600,0.00250,0.024600
19561130,0.003600,-0.002200,0.017800,0.00200,0.034100
19561231,0.031600,-0.000300,-0.021000,0.00240,0.038100
19570131,-0.035800,0.034000,0.027800,0.00270,-0.030500
19570228,-0.020600,-0.007200,-0.007300,0.00240,0.003100
19570329,0.021300,0.002700,-0.004700,0.00230,-0.001800
19570430,0.042600,-0.016000,-0.015100,0.00250,0.009600
19570531,0.034500,-0.010700,-0.020500,0.00260,0.004400
19570628,-0.007400,0.005500,0.000100,0.00240,0.007700
19570731,0.006600,-0.007600,0.003800,0.00300,-0.000700
19570830,-0.051100,0.000600,-0.004500,0.00250,0.004900
19570930,-0.059800,0.000800,0.008800,0.00260,0.006200
19571031,-0.043200,-0.025200,-0.018300,0.00290,0.019400
19571129,0.023000,0.004000,-0.029000,0.00280,0.012400
19571231,-0.039100,-0.009300,-0.017100,0.00240,0.077900
19580131,0.046600,0.043600,0.042300,0.00280,-0.076300
19580228,-0.015200,0.007000,0.002800,0.00120,0.037500
19580331,0.032700,0.006300,-0.009200,0.00090,-0.018500
19580430,0.030900,-0.005900,0.014600,0.00080,0.018500
19580529,0.023100,0.022400,-0.003500,0.00110,-0.018200
19580630,0.029300,-0.002400,0.005000,0.00030,-0.008700
19580731,0.043900,0.004700,0.031200,0.00070,-0.036200
19580829,0.019100,0.011900,0.002900,0.00040,0.002800
19580930,0.046600,0.001500,0.029600,0.00190,-0.011300
19581031,0.025300,0.011300,-0.011800,0.00180,0.031200
19581128,0.030100,0.020600,-0.012900,0.00110,0.015700
19581231,0.051500,-0.020700,-0.000500,0.00220,-0.006500
19590130,0.007100,0.030200,0.029800,0.00210,-0.002400
19590227,0.009500,0.014900,0.010500,0.00190,0.034000
19590331,0.002800,0.014800,-0.003500,0.00220,0.001300
19590430,0.036600,-0.005800,-0.012200,0.00200,0.031500
19590529,0.017300,-0.021500,0.018700,0.00220,0.015000
19590630,-0.002500,0.006800,0.013300,0.00250,0.029100
19590731,0.031700,-0.003200,0.002600,0.00250,-0.003200
19590831,-0.013900,-0.007800,0.004400,0.00190,-0.009500
19590930,-0.048000,-0.000900,0.005700,0.00310,0.008500
19591030,0.012800,0.014300,-0.020500,0.00300,0.034800
19591130,0.016000,0.012400,-0.032700,0.00260,0.022600
19591231,0.024500,-0.006000,-0.000300,0.00340,0.009900
19600129,-0.069800,0.020900,0.027300,0.00330,-0.034900
19600229,0.011700,0.005100,-0.019900,0.00290,0.038600
19600331,-0.016300,-0.005100,-0.028500,0.00350,0.014300
19600429,-0.017100,0.003100,-0.022300,0.00190,0.028100
19600531,0.031200,0.012100,-0.037600,0.00270,0.048100
19600630,0.020800,-0.002200,-0.003400,0.00240,0.008600
19600729,-0.023700,-0.005200,0.020300,0.00130,-0.007800
19600831,0.030100,0.009000,-0.001900,0.00170,0.019200
19600930,-0.059900,-0.011100,0.015800,0.00160,0.003100
19601031,-0.007100,-0.039500,0.026000,0.00220,0.012500
19601130,0.046900,0.003500,-0.024500,0.00130,0.036400
19601230,0.047100,-0.015600,-0.007900,0.00160,0.013900
19610131,0.062000,0.006600,0.037000,0.00190,-0.039800
19610228,0.035700,0.039800,-0.007400,0.00140,0.009800
19610330,0.028900,0.032700,-0.007700,0.00200,0.045100
19610428,0.002900,0.001000,0.020500,0.00170,0.035200
19610531,0.024000,0.019500,0.004800,0.00180,-0.015700
19610630,-0.030800,-0.024700,-0.001800,0.00200,0.003700
19610731,0.028300,-0.018800,-0.001100,0.00180,0.002500
19610831,0.025700,-0.017500,-0.002800,0.00140,0.016500
19610929,-0.021500,-0.010500,-0.005800,0.00170,0.008300
19611031,0.025700,-0.016100,0.001200,0.00190,0.031300
19611130,0.044500,0.012400,-0.011900,0.00150,0.013400
19611229,-0.001800,-0.008300,0.018300,0.00190,-0.022400
19620131,-0.038700,0.017800,0.050900,0.00240,-0.020700
19620228,0.018100,-0.011600,0.008500,0.00200,-0.010200
19620330,-0.006800,0.005300,-0.014300,0.00200,0.018300
19620430,-0.065900,-0.006800,0.000300,0.00220,0.028900
19620531,-0.086500,-0.033300,0.027800,0.00240,0.003800
19620629,-0.084700,-0.005700,0.025400,0.00200,0.064500
19620731,0.062800,0.014900,-0.034400,0.00270,0.005500
19620831,0.021300,0.012300,-0.011900,0.00230,-0.005800
19620928,-0.052200,-0.024300,0.012300,0.00210,0.039500
19621031,-0.000500,-0.039700,0.012900,0.00250,0.007500
19621130,0.108700,0.026100,0.010100,0.00200,-0.071700
19621231,0.010100,-0.038000,0.003300,0.00230,0.058800
19630131,0.049300,0.030600,0.022600,0.00250,-0.021000
19630228,-0.023800,0.005000,0.022100,0.00230,0.025200
19630329,0.030800,-0.026200,0.021000,0.00230,0.015600
19630430,0.045100,-0.013100,0.010100,0.00250,-0.000800
19630531,0.017600,0.011200,0.025000,0.00240,0.003700
19630628,-0.020000,-0.002500,0.007000,0.00230,0.011700
19630731,-0.003900,-0.005600,-0.008300,0.00270,0.010000
19630830,0.050700,-0.009400,0.016700,0.00250,0.010300
19630930,-0.015700,-0.003100,0.001800,0.00270,0.001600
19631031,0.025300,-0.005400,-0.001000,0.00290,0.031400
19631129,-0.008500,-0.011300,0.017100,0.00270,-0.007500
19631231,0.018300,-0.019700,-0.001200,0.00290,0.017000
19640131,0.022400,-0.001900,0.015900,0.00300,0.010600
19640228,0.015400,0.001000,0.028300,0.00260,0.002400
19640331,0.014100,0.009900,0.033200,0.00310,0.007200
19640430,0.001000,-0.013700,-0.005500,0.00290,-0.006000
19640528,0.014200,-0.009000,0.019800,0.00260,0.025400
19640630,0.012700,-0.002600,0.006800,0.00300,0.004500
19640731,0.017400,0.002800,0.006800,0.00300,-0.003700
19640831,-0.014400,0.000900,0.000900,0.00280,-0.001900
19640930,0.026900,-0.005100,0.016500,0.00280,-0.003900
19641030,0.005900,0.004300,0.011400,0.00290,0.000800
19641130,0.000000,0.006100,-0.019800,0.00290,0.010800
19641231,0.000300,-0.002600,-0.025500,0.00310,-0.006900
19650129,0.035400,0.027000,0.001800,0.00280,-0.012800
19650226,0.004400,0.034800,0.002200,0.00300,0.003000
19650331,-0.013400,0.017900,0.010900,0.00360,0.001000
19650430,0.031100,0.012000,0.007100,0.00310,0.025400
19650528,-0.007700,0.000400,-0.016300,0.00310,0.005400
19650630,-0.055100,-0.043500,0.005500,0.00350,-0.031200
19650730,0.014300,0.008700,0.021800,0.00310,0.041000
19650831,0.027300,0.028100,-0.009600,0.00330,0.025800
19650930,0.028600,0.006100,-0.001000,0.00310,0.033600
19651029,0.026000,0.024800,0.015200,0.00310,0.034500
19651130,-0.000300,0.046800,0.002100,0.00350,0.044200
19651231,0.010100,0.020800,0.019500,0.00330,0.000900
19660131,0.007200,0.038900,0.034900,0.00380,0.054100
19660228,-0.012100,0.045400,0.002700,0.00350,0.045800
19660331,-0.025100,0.009400,-0.020700,0.00380,0.013400
19660429,0.021400,0.034500,-0.005400,0.00340,0.061800
19660531,-0.056600,-0.047000,-0.015500,0.00410,-0.046900
19660630,-0.014400,0.010200,0.005000,0.00380,0.032800
19660729,-0.016300,-0.004400,0.009600,0.00350,-0.013900
19660831,-0.079100,-0.032300,0.004700,0.00410,-0.021100
19660930,-0.010600,-0.010700,0.005300,0.00400,-0.017300
19661031,0.038600,-0.066400,0.028700,0.00450,-0.051300
19661130,0.014000,0.042200,-0.044600,0.00400,0.057300
19661230,0.001300,0.018600,-0.012200,0.00400,0.010700
19670131,0.081500,0.083200,0.022200,0.00430,-0.067500
19670228,0.007800,0.033400,-0.021700,0.00360,0.035600
19670331,0.039900,0.016300,0.003100,0.00390,0.014200
19670428,0.038900,0.006200,-0.026400,0.00320,0.006400
19670531,-0.043300,0.019800,0.008000,0.00330,0.006700
19670630,0.024100,0.059600,0.009600,0.00270,0.060300
19670731,0.045800,0.030800,0.026500,0.00310,-0.010700
19670831,-0.008900,0.004700,0.014600,0.00310,-0.014100
19670929,0.031100,0.031000,-0.024700,0.00320,0.025500
19671031,-0.030900,0.014200,-0.033900,0.00390,0.036600
19671130,0.003700,0.002000,-0.017100,0.00360,0.012900
19671229,0.030500,0.057300,-0.003900,0.00330,0.032300
19680131,-0.040600,0.039100,0.047500,0.00400,-0.046400
19680229,-0.037500,-0.029500,0.011700,0.00390,-0.034100
19680329,0.002000,-0.012800,-0.005900,0.00380,0.031800
19680430,0.090500,0.057300,-0.010300,0.00430,0.051500
19680531,0.022800,0.064300,0.008400,0.00450,0.037300
19680628,0.006900,-0.001700,0.006700,0.00430,-0.019200
19680730,-0.027200,-0.013000,0.054800,0.00480,-0.008400
19680830,0.013400,0.023400,0.010000,0.00420,0.018800
19680930,0.040300,0.027600,0.002400,0.00430,-0.006700
19681031,0.004200,-0.004700,0.028900,0.00440,-0.015200
19681129,0.054300,0.023600,-0.009000,0.00420,0.017300
19681231,-0.039400,0.034400,0.000200,0.00430,0.001100
19690131,-0.012500,-0.007800,0.016900,0.00530,-0.001500
19690228,-0.058400,-0.038900,0.009000,0.00460,-0.024600
19690328,0.026400,-0.002500,-0.004600,0.00460,0.039500
19690430,0.014600,-0.008800,0.000300,0.00530,0.011700
19690529,-0.001000,-0.002700,0.007300,0.00480,0.016800
19690630,-0.071800,-0.053900,-0.010900,0.00510,-0.022200
19690731,-0.070000,-0.032100,0.014200,0.00530,0.016400
19690829,0.046800,0.009400,-0.038700,0.00500,0.021300
19690930,-0.029800,0.012000,-0.031900,0.00620,0.025300
19691031,0.050600,0.038100,-0.031900,0.00600,-0.043200
19691128,-0.037900,-0.025300,-0.011200,0.00520,0.036000
19691231,-0.026300,-0.036700,-0.030200,0.00640,0.050500
19700130,-0.081000,0.029000,0.030400,0.00600,0.006300
19700227,0.051300,-0.024000,0.040400,0.00620,0.001200
19700331,-0.010600,-0.023200,0.042500,0.00570,-0.002900
19700430,-0.110000,-0.061100,0.063900,0.00500,-0.007300
19700529,-0.069200,-0.045200,0.036000,0.00530,-0.027300
19700630,-0.057900,-0.021600,0.008700,0.00580,0.057800
19700731,0.069300,-0.005400,0.009600,0.00520,-0.029400
19700831,0.044900,0.015200,0.010300,0.00530,-0.065000
19700930,0.041800,0.086200,-0.055800,0.00540,-0.089200
19701030,-0.022800,-0.042800,0.002700,0.00460,0.096100
19701130,0.045900,-0.040700,0.016300,0.00460,0.028900
19701231,0.057200,0.029700,0.010100,0.00420,-0.021900
19710129,0.048400,0.073700,0.013800,0.00380,-0.067100
19710226,0.014100,0.018800,-0.012900,0.00330,0.008100
19710331,0.041300,0.025400,-0.040400,0.00300,-0.012100
19710430,0.031500,-0.004900,0.007200,0.00280,0.013200
19710528,-0.039800,-0.011000,-0.013800,0.00290,0.008900
19710630,-0.001000,-0.014200,-0.020600,0.00370,0.027200
19710730,-0.045000,-0.015000,0.001700,0.00400,-0.023700
19710831,0.037900,-0.001600,0.026700,0.00470,0.035100
19710930,-0.008500,0.004100,-0.029600,0.00370,0.020900
19711029,-0.044200,-0.018000,-0.004300,0.00370,0.004600
19711130,-0.004600,-0.028500,-0.017000,0.00370,0.014800
19711231,0.087100,0.033200,-0.003500,0.00370,-0.006800
19720131,0.024900,0.061200,0.019900,0.00290,0.002400
19720229,0.028700,0.013700,-0.027600,0.00250,0.027000
19720330,0.006300,-0.002700,-0.017300,0.00270,0.029100
19720428,0.002900,0.000100,0.002300,0.00290,0.029000
19720531,0.012500,-0.027900,-0.026900,0.00300,0.031900
19720630,-0.024300,0.003300,-0.025100,0.00290,0.019300
19720731,-0.008000,-0.028900,0.007800,0.00310,0.027500
19720831,0.032600,-0.040900,0.046900,0.00290,-0.053400
19720929,-0.011400,-0.026700,0.004700,0.00340,0.017500
19721031,0.005200,-0.027400,0.013700,0.00400,0.007500
19721130,0.046000,-0.011100,0.047600,0.00370,-0.051400
19721229,0.006200,-0.018600,-0.022700,0.00370,0.049800
19730131,-0.032900,-0.034800,0.026800,0.00440,0.037100
19730228,-0.048500,-0.039900,0.017000,0.00410,0.021200
19730330,-0.013000,-0.028200,0.027800,0.00460,0.036200
19730430,-0.056800,-0.039900,0.056900,0.00520,0.064000
19730531,-0.029400,-0.061200,0.002100,0.00510,0.070900
19730629,-0.015600,-0.029500,0.014400,0.00510,0.043100
19730731,0.050500,0.079100,-0.053100,0.00640,-0.116900
19730831,-0.038200,-0.020300,0.011400,0.00700,0.034200
19730928,0.047500,0.029400,0.021800,0.00680,-0.070300
19731031,-0.008300,-0.002300,0.017400,0.00650,0.067500
19731130,-0.127500,-0.077000,0.040400,0.00560,0.086300
19731231,0.006100,-0.052900,0.040900,0.00640,0.103900
19740131,-0.001700,0.097600,0.059900,0.00630,-0.088200
19740228,-0.004700,0.000500,0.025400,0.00580,0.001400
19740329,-0.028100,0.025100,-0.001100,0.00560,-0.009900
19740430,-0.052900,-0.007100,0.010600,0.00750,0.020000
19740531,-0.046800,-0.030100,-0.020400,0.00750,-0.002600
19740628,-0.028300,-0.002000,0.007900,0.00600,0.023700
19740731,-0.080500,0.009200,0.051400,0.00700,0.030100
19740830,-0.093500,-0.006800,0.025000,0.00600,0.030000
19740930,-0.117700,0.002700,0.054900,0.00810,0.043200
19741031,0.161000,-0.035100,-0.099900,0.00510,-0.005000
19741129,-0.045100,-0.011700,-0.001600,0.00540,0.021700
19741231,-0.034500,-0.048400,0.000000,0.00700,0.029500
19750131,0.136600,0.110100,0.084400,0.00580,-0.138900
19750228,0.055600,0.001600,-0.045600,0.00430,-0.005500
19750331,0.026600,0.037500,0.024900,0.00410,-0.019900
19750430,0.042300,-0.005400,-0.011100,0.00440,0.013400
19750530,0.051900,0.038300,-0.040200,0.00440,-0.004700
19750630,0.048300,0.007600,0.013200,0.00410,0.000600
19750731,-0.065900,0.026900,0.017000,0.00480,0.004200
19750829,-0.028500,-0.032000,-0.009000,0.00480,-0.001300
19750930,-0.042600,-0.001300,0.003400,0.00530,0.003200
19751031,0.053100,-0.040200,0.003000,0.00560,-0.001400
19751128,0.026400,-0.011900,0.019900,0.00410,-0.004500
19751231,-0.016000,-0.007600,0.017600,0.00480,-0.001200
19760130,0.121600,0.048000,0.085800,0.00470,0.044600
19760227,0.003200,0.070300,0.057800,0.00340,0.003600
19760331,0.023200,-0.011700,-0.000400,0.00400,0.001900
19760430,-0.014900,-0.000300,-0.000600,0.00420,0.005000
19760528,-0.013400,-0.012400,-0.013200,0.00370,-0.011000
19760630,0.040500,-0.013500,0.006800,0.00430,-0.004200
19760730,-0.010700,0.003100,0.017400,0.00470,-0.001200
19760831,-0.005600,-0.020100,0.007900,0.00420,-0.008500
19760930,0.020700,-0.000100,-0.002900,0.00440,0.002400
19761029,-0.024200,0.002500,-0.001300,0.00410,-0.004800
19761130,0.003600,0.023200,0.015100,0.00400,0.029000
19761231,0.056500,0.030100,0.022200,0.00400,0.007700
19770131,-0.040500,0.047800,0.042600,0.00360,0.039800
19770228,-0.019400,0.010800,0.005000,0.00350,0.003500
19770331,-0.013700,0.009900,0.010200,0.00380,0.004900
19770429,0.001500,-0.001200,0.034500,0.00380,0.042200
19770531,-0.014500,0.011800,0.008400,0.00370,0.020100
19770630,0.047100,0.021300,-0.006400,0.00400,0.017700
19770729,-0.016900,0.021200,-0.005900,0.00420,0.003100
19770831,-0.017500,0.015200,-0.027900,0.00440,-0.017800
19770930,-0.002700,0.014500,-0.004900,0.00430,0.020600
19771031,-0.043800,0.012700,0.017200,0.00490,-0.001300
19771130,0.040000,0.037200,0.003100,0.00500,0.021900
19771230,0.002700,0.013500,-0.003700,0.00490,0.015600
19780131,-0.060100,0.022200,0.033100,0.00490,-0.007200
19780228,-0.013800,0.035900,0.007600,0.00460,0.019000
19780331,0.028500,0.034800,0.012000,0.00530,0.013700
19780428,0.078800,0.004000,-0.035400,0.00540,0.008500
19780531,0.017600,0.045600,-0.006200,0.00510,0.028500
19780630,-0.016900,0.016900,0.005900,0.00540,0.027800
19780731,0.051100,0.002600,-0.011100,0.00560,0.042200
19780831,0.037500,0.050600,-0.004600,0.00560,0.028200
19780929,-0.014300,-0.003900,0.018700,0.00620,-0.031100
19781031,-0.119100,-0.098800,0.013600,0.00680,-0.083900
19781130,0.027100,0.030100,-0.022200,0.00700,0.055200
19781229,0.008800,0.012400,-0.021900,0.00780,0.030500
19790131,0.042300,0.036600,0.022700,0.00770,-0.012400
19790228,-0.035600,0.004500,0.012000,0.00730,-0.010600
19790330,0.056800,0.031900,-0.006700,0.00810,0.028800
19790430,-0.000600,0.021800,0.010500,0.00800,0.008100
19790531,-0.022100,0.001600,0.013200,0.00820,-0.005700
19790629,0.038500,0.011700,0.014800,0.00810,0.008200
19790731,0.008200,0.012600,0.017000,0.00770,-0.010900
19790831,0.055300,0.020800,-0.015500,0.00770,-0.002300
19790928,-0.008200,-0.002500,-0.008700,0.00830,0.053400
19791031,-0.081000,-0.033400,-0.018600,0.00870,0.021200
19791130,0.052100,0.027400,-0.032500,0.00990,0.079600
19791231,0.017900,0.041700,-0.019800,0.00950,0.047800
19800131,0.055100,0.016500,0.018000,0.00800,0.075100
19800229,-0.012200,-0.018200,0.006200,0.00890,0.078800
19800331,-0.129000,-0.066400,-0.010600,0.01210,-0.095900
19800430,0.039700,0.009700,0.010600,0.01260,-0.004200
19800530,0.052600,0.021600,0.003900,0.00810,-0.011100
19800630,0.030600,0.016700,-0.008900,0.00610,0.015900
19800731,0.064900,0.042500,-0.063000,0.00530,0.003700
19800829,0.018000,0.039200,-0.026400,0.00640,0.031900
19800930,0.021900,0.008900,-0.047900,0.00750,0.054400
19801031,0.010600,0.024700,-0.027400,0.00950,0.073200
19801128,0.095900,-0.034500,-0.083500,0.00960,0.152400
19801231,-0.045200,-0.002800,0.026800,0.01310,-0.066500
19810130,-0.050400,0.030000,0.068400,0.01040,-0.079400
19810227,0.005700,-0.003100,0.009700,0.01070,-0.013900
19810331,0.035600,0.035800,0.006700,0.01210,0.007400
19810430,-0.021100,0.044200,0.022600,0.01080,-0.009600
19810529,0.001100,0.020000,-0.004300,0.01150,0.037500
19810630,-0.023600,-0.008500,0.051300,0.01350,-0.059000
19810731,-0.015400,-0.021800,-0.006600,0.01240,-0.025200
19810831,-0.070400,-0.019500,0.048400,0.01280,-0.011200
19810930,-0.071700,-0.026600,0.052000,0.01240,0.019800
19811030,0.049200,0.021300,-0.042100,0.01210,0.040700
19811130,0.033600,-0.009600,0.019000,0.01070,-0.002700
19811231,-0.036500,0.011700,0.007400,0.00870,0.013200
19820129,-0.032400,-0.012900,0.031700,0.00800,0.017300
19820226,-0.058600,0.004900,0.061000,0.00920,0.050000
19820331,-0.018700,-0.001900,0.037800,0.00980,0.029300
19820430,0.032700,0.015100,-0.027800,0.01130,-0.004100
19820528,-0.039900,0.004700,0.018100,0.01060,0.025500
19820630,-0.030900,-0.004000,0.015400,0.00960,0.050000
19820730,-0.031900,0.008400,0.001500,0.01050,0.044700
19820831,0.111400,-0.041100,0.011600,0.00760,-0.035200
19820930,0.012900,0.028800,0.003400,0.00510,0.041700
19821029,0.113000,0.023500,-0.036800,0.00590,0.000300
19821130,0.046700,0.047700,-0.019600,0.00630,0.058900
19821231,0.005500,-0.001800,0.000100,0.00670,0.000200
19830131,0.036000,0.027000,-0.008600,0.00690,-0.017000
19830228,0.025900,0.032300,0.006700,0.00620,0.038300
19830331,0.028200,0.017700,0.020700,0.00630,0.009300
19830429,0.066700,0.005300,0.006000,0.00710,0.018000
19830531,0.005200,0.061600,-0.014000,0.00690,-0.015900
19830630,0.030700,0.009100,-0.038700,0.00670,0.017800
19830729,-0.040700,0.014600,0.056200,0.00740,-0.031300
19830831,-0.005000,-0.043000,0.055500,0.00760,-0.054400
19830930,0.009100,0.005600,0.010900,0.00760,-0.001000
19831031,-0.034400,-0.036000,0.050600,0.00760,-0.045600
19831130,0.021600,0.020400,-0.006200,0.00700,-0.000900
19831230,-0.017800,-0.002900,0.016700,0.00730,0.007400
19840131,-0.019200,-0.004300,0.076300,0.00760,-0.024900
19840229,-0.048200,-0.017100,0.033600,0.00710,0.001900
19840330,0.006300,0.000700,0.004800,0.00730,0.010900
19840430,-0.005100,-0.012000,0.012900,0.00810,0.020500
19840531,-0.059700,0.000300,0.002600,0.00780,0.015200
19840629,0.018200,-0.003200,-0.026000,0.00750,-0.007000
19840731,-0.027400,-0.022100,0.004900,0.00820,0.029300
19840831,0.102800,-0.002500,-0.018500,0.00830,-0.056900
19840928,-0.008000,0.002000,0.053200,0.00860,0.036700
19841031,-0.008400,-0.012000,0.005100,0.01000,0.032100
19841130,-0.017600,-0.006200,0.040800,0.00730,0.017000
19841231,0.018400,-0.006000,-0.001700,0.00640,0.015400
19850131,0.079900,0.032700,-0.054300,0.00650,-0.069000
19850228,0.012200,0.007600,-0.001200,0.00580,0.018200
19850329,-0.008400,-0.011500,0.041000,0.00620,0.016800
19850430,-0.009600,0.001400,0.037300,0.00720,0.030600
19850531,0.050900,-0.022500,-0.008600,0.00660,0.040000
19850628,0.012700,0.004600,0.004000,0.00550,0.036300
19850731,-0.007400,0.028500,-0.016300,0.00620,-0.039400
19850830,-0.010200,-0.003400,0.022800,0.00550,0.018200
19850930,-0.045400,-0.015800,0.013200,0.00600,0.014800
19851031,0.040200,-0.015700,0.007800,0.00650,0.048800
19851129,0.064800,0.002300,-0.028700,0.00610,-0.004000
19851231,0.038800,-0.004900,-0.015300,0.00650,-0.001300
19860131,0.006500,0.012200,0.005300,0.00560,0.029600
19860228,0.071300,-0.006500,-0.009400,0.00530,0.027800
19860331,0.048800,-0.005200,-0.004400,0.00600,0.024500
19860430,-0.013100,0.028400,-0.028500,0.00520,-0.005000
19860530,0.046200,-0.013200,-0.001100,0.00490,0.020200
19860630,0.010300,-0.009100,0.014000,0.00520,0.051600
19860731,-0.064500,-0.033800,0.047800,0.00520,0.018000
19860829,0.060700,-0.041700,0.035200,0.00460,-0.050100
19860930,-0.086000,0.022800,0.031900,0.00450,-0.058600
19861031,0.046600,-0.024800,-0.013200,0.00460,0.026900
19861128,0.011700,-0.019200,-0.000600,0.00390,-0.003200
19861231,-0.032700,0.000800,0.003700,0.00490,0.004000
19870130,0.124700,-0.018100,-0.031800,0.00420,0.021000
19870227,0.043900,0.034900,-0.059900,0.00430,-0.021700
19870331,0.016400,0.003700,0.016600,0.00470,0.016000
19870430,-0.021100,-0.016900,-0.003300,0.00440,0.002600
19870529,0.001100,-0.005300,0.001300,0.00380,-0.006800
19870630,0.039400,-0.021800,0.010700,0.00480,-0.002000
19870731,0.038500,-0.006700,0.006600,0.00460,0.026700
19870831,0.035200,-0.007200,-0.009000,0.00470,-0.008700
19870930,-0.025900,0.005200,0.002800,0.00450,0.007100
19871030,-0.232400,-0.084300,0.042300,0.00600,-0.078600
19871130,-0.077700,0.027700,0.031400,0.00350,-0.011500
19871231,0.068100,0.001300,-0.044900,0.00390,0.058300
19880129,0.042100,-0.007700,0.050800,0.00290,-0.075800
19880229,0.047500,0.033600,-0.016500,0.00460,-0.015400
19880331,-0.022700,0.061600,0.007400,0.00440,0.006300
19880429,0.005600,0.009600,0.016900,0.00460,0.022500
19880531,-0.002900,-0.026400,0.023000,0.00510,0.006400
19880630,0.047900,0.021600,-0.010700,0.00490,-0.029100
19880729,-0.012500,-0.002100,0.022700,0.00510,0.006300
19880831,-0.033100,0.000400,0.020300,0.00590,0.003300
19880930,0.033000,-0.012500,-0.006800,0.00620,0.002400
19881031,0.011500,-0.029000,0.017100,0.00610,0.013100
19881130,-0.022900,-0.017400,0.012400,0.00570,0.004200
19881230,0.014900,0.019500,-0.015500,0.00630,0.004200
19890131,0.061000,-0.021400,0.005100,0.00550,-0.001400
19890228,-0.022500,0.027600,0.008700,0.00610,0.009400
19890331,0.015700,0.007400,0.004600,0.00670,0.035500
19890428,0.043300,-0.005900,-0.014500,0.00670,0.016900
19890531,0.033500,-0.000400,-0.008200,0.00790,0.015600
19890630,-0.013500,-0.010100,0.021900,0.00710,0.006500
19890731,0.072000,-0.040200,-0.028400,0.00700,0.054400
19890831,0.014400,0.005000,0.007200,0.00740,-0.001400
19890929,-0.007600,0.002800,-0.013400,0.00650,0.034000
19891031,-0.036700,-0.033000,-0.010300,0.00680,0.013700
19891130,0.010300,-0.012400,-0.011200,0.00690,0.025800
19891229,0.011600,-0.024100,0.002800,0.00610,0.028100
19900131,-0.078500,-0.012900,0.008700,0.00570,-0.032800
19900228,0.011100,0.010300,0.006100,0.00570,-0.005300
19900330,0.018300,0.015200,-0.029000,0.00640,0.016500
19900430,-0.033600,-0.005000,-0.025500,0.00690,0.024000
19900531,0.084200,-0.025700,-0.037400,0.00680,0.030500
19900629,-0.010900,0.014300,-0.019400,0.00630,0.024300
19900731,-0.019000,-0.032100,-0.000100,0.00680,0.059300
19900831,-0.101500,-0.035800,0.015800,0.00660,0.017800
19900928,-0.061200,-0.036700,0.007300,0.00600,0.055300
19901031,-0.019200,-0.055100,0.002200,0.00680,0.067300
19901130,0.063500,0.003300,-0.031600,0.00570,-0.056200
19901231,0.024600,0.007900,-0.015400,0.00600,0.001600
19910131,0.046900,0.037900,-0.018400,0.00520,-0.065300
19910228,0.071900,0.039500,-0.005400,0.00480,-0.047300
19910328,0.026500,0.038900,-0.012300,0.00440,0.028300
19910430,-0.002800,0.005000,0.014200,0.00530,-0.024000
19910531,0.036500,-0.003400,-0.005700,0.00470,-0.001000
19910628,-0.049400,0.000700,0.012100,0.00420,0.004600
19910731,0.042400,-0.009300,-0.012500,0.00490,0.043100
19910830,0.023200,0.015900,-0.007800,0.00460,0.016300
19910930,-0.015900,0.016300,-0.010000,0.00460,0.017300
19911031,0.012900,0.009000,-0.004300,0.00420,0.032300
19911129,-0.041900,-0.004800,-0.019300,0.00390,0.012600
19911231,0.108400,-0.022400,-0.040300,0.00380,0.083000
19920131,-0.005900,0.084700,0.045100,0.00340,-0.025100
19920228,0.010900,0.008800,0.063700,0.00280,-0.005800
19920331,-0.026600,-0.010300,0.036500,0.00340,-0.003600
19920430,0.010700,-0.061200,0.043100,0.00320,-0.026000
19920529,0.003000,0.003900,0.012800,0.00280,0.001300
19920630,-0.023400,-0.030900,0.034000,0.00320,-0.006100
19920731,0.037700,-0.004400,-0.005300,0.00310,0.014400
19920831,-0.023800,-0.001200,-0.010300,0.00260,-0.005100
19920930,0.011900,0.005600,-0.002100,0.00260,0.014300
19921030,0.010200,0.020500,-0.021000,0.00230,0.027100
19921130,0.041300,0.037000,-0.014800,0.00230,-0.003400
19921231,0.015300,0.016400,0.025200,0.00280,0.044400
19930129,0.009300,0.020300,0.058700,0.00230,0.048300
19930226,0.001200,-0.034300,0.064200,0.00220,0.031000
19930331,0.023000,0.002300,0.012200,0.00250,0.037400
19930430,-0.030500,-0.007000,0.026100,0.00240,0.003300
19930528,0.028900,0.019600,-0.034100,0.00220,0.003000
19930630,0.003100,-0.003100,0.026200,0.00250,0.045800
19930730,-0.003400,0.009300,0.032500,0.00240,0.032500
19930831,0.037100,0.003100,-0.004500,0.00250,0.025800
19930930,-0.001200,0.031100,-0.004400,0.00260,0.034100
19931029,0.014100,0.014500,-0.015400,0.00220,-0.026700
19931130,-0.018900,-0.014200,-0.002700,0.00250,-0.047100
19931231,0.016500,0.012200,0.005700,0.00230,0.022800
19940131,0.028700,0.001500,0.020900,0.00250,0.000200
19940228,-0.025500,0.027300,-0.014500,0.00210,-0.002900
19940331,-0.047800,-0.009800,0.012900,0.00270,-0.013300
19940429,0.006800,-0.009200,0.016800,0.00270,0.004100
19940531,0.005800,-0.020100,0.002000,0.00310,-0.021500
19940630,-0.030300,-0.004500,0.016900,0.00310,-0.008200
19940729,0.028200,-0.017200,0.006200,0.00280,0.001900
19940831,0.040100,0.013400,-0.028100,0.00370,0.015600
19940930,-0.023100,0.028300,-0.019100,0.00370,0.013200
19941031,0.013400,-0.023500,-0.017400,0.00380,0.014300
19941130,-0.040400,0.002600,-0.009400,0.00370,-0.002000
19941230,0.008600,0.000400,0.005400,0.00440,0.035000
19950131,0.018000,-0.026500,0.008100,0.00420,-0.018200
19950228,0.036300,-0.006700,0.010900,0.00400,-0.003600
19950331,0.021900,-0.006900,-0.011000,0.00460,0.003900
19950428,0.021100,-0.006300,0.022700,0.00440,0.018000
19950531,0.029000,-0.022100,0.017200,0.00540,-0.004400
19950630,0.027200,0.029300,-0.022800,0.00470,0.029000
19950731,0.037200,0.020900,-0.016700,0.00450,0.025300
19950831,0.005500,0.015900,0.027100,0.00470,0.000900
19950929,0.033500,-0.021100,-0.007500,0.00430,0.027100
19951031,-0.015200,-0.037500,-0.007400,0.00470,0.041100
19951130,0.039600,-0.011700,0.009500,0.00420,-0.006400
19951229,0.010300,0.005800,0.008700,0.00490,0.025400
19960131,0.022600,-0.026200,0.003000,0.00430,0.005600
19960229,0.013300,0.018800,-0.014200,0.00390,0.005700
19960329,0.007300,0.013100,0.010100,0.00390,-0.018700
19960430,0.020600,0.049100,-0.039100,0.00460,-0.009100
19960531,0.023600,0.030500,-0.012000,0.00420,0.015500
19960628,-0.011400,-0.035800,0.015600,0.00400,0.010100
19960731,-0.059700,-0.038400,0.044500,0.00450,-0.001100
19960830,0.027700,0.023000,-0.004600,0.00410,-0.000500
19960930,0.050100,-0.008800,-0.031500,0.00440,0.027000
19961031,0.008600,-0.044400,0.051200,0.00420,0.039100
19961129,0.062500,-0.038900,0.011600,0.00410,-0.022300
19961231,-0.017000,0.032000,0.008900,0.00460,0.006100
19970131,0.049800,-0.018400,-0.016500,0.00450,0.019500
19970228,-0.004900,-0.029000,0.052000,0.00390,-0.020500
19970331,-0.050200,-0.003800,0.038100,0.00430,0.009600
19970430,0.040400,-0.056500,-0.000700,0.00430,0.049200
19970530,0.067400,0.048900,-0.038700,0.00490,-0.051600
19970630,0.041000,0.013300,0.012300,0.00370,0.026200
19970731,0.073300,-0.028000,0.008200,0.00430,0.038100
19970829,-0.041500,0.073100,0.013800,0.00410,-0.025500
19970930,0.053500,0.026100,0.000100,0.00440,0.014500
19971031,-0.038000,-0.006800,0.019500,0.00420,-0.003800
19971128,0.029800,-0.049500,0.007900,0.00390,0.002900
19971231,0.013200,-0.023500,0.034500,0.00480,0.039500
19980130,0.001500,-0.011600,-0.014500,0.00430,0.001100
19980227,0.070400,0.000000,-0.001300,0.00390,-0.011500
19980331,0.047600,-0.009300,0.010500,0.00390,0.021500
19980430,0.007300,0.002000,0.007400,0.00430,0.007800
19980529,-0.030700,-0.037400,0.041600,0.00400,0.018800
19980630,0.031800,-0.031600,-0.023300,0.00410,0.072600
19980731,-0.024600,-0.051200,-0.009600,0.00400,0.036800
19980831,-0.160800,-0.053100,0.034000,0.00430,0.018800
19980930,0.061500,-0.001400,-0.033100,0.00460,-0.007100
19981030,0.071300,-0.032900,-0.022100,0.00320,-0.053600
19981130,0.061000,0.010700,-0.031500,0.00310,0.011600
19981231,0.061600,-0.003500,-0.044600,0.00380,0.089900
19990129,0.035000,0.003700,-0.040300,0.00350,0.030400
19990226,-0.040800,-0.056700,0.014000,0.00350,-0.001600
19990331,0.034500,-0.039300,-0.026500,0.00430,-0.012900
19990430,0.043300,0.040000,0.025300,0.00370,-0.090600
19990528,-0.024600,0.034200,0.024000,0.00340,-0.052800
19990630,0.047700,0.030500,-0.036000,0.00400,0.048800
19990730,-0.034900,0.026700,-0.007600,0.00380,0.015100
19990831,-0.013800,-0.012700,-0.013100,0.00390,0.029200
19990930,-0.027900,0.033300,-0.034000,0.00390,0.064600
19991029,0.061200,-0.069500,-0.028800,0.00390,0.054700
19991130,0.033700,0.073700,-0.065100,0.00360,0.056200
19991231,0.077200,0.071200,-0.087400,0.00440,0.131900
20000131,-0.047400,0.049500,-0.002900,0.00410,0.018600
20000229,0.024500,0.217000,-0.099300,0.00430,0.183600
20000331,0.052000,-0.168600,0.073800,0.00470,-0.063900
20000428,-0.064000,-0.077300,0.086100,0.00460,-0.085800
20000531,-0.044200,-0.051100,0.025600,0.00500,-0.090800
20000630,0.046400,0.138500,-0.098600,0.00400,0.165900
20000731,-0.025100,-0.027600,0.080600,0.00480,-0.001100
20000831,0.070300,-0.011500,-0.006600,0.00500,0.057000
20000929,-0.054500,-0.013200,0.061300,0.00510,0.022000
20001031,-0.027600,-0.038000,0.056400,0.00560,-0.046300
20001130,-0.107200,-0.027700,0.112600,0.00510,-0.024000
20001229,0.011900,0.009600,0.073700,0.00500,0.067000
20010131,0.031300,0.065400,-0.048600,0.00540,-0.250500
20010228,-0.100500,-0.007200,0.128700,0.00380,0.125100
20010330,-0.072600,0.003400,0.064600,0.00420,0.083500
20010430,0.079400,0.005400,-0.047200,0.00390,-0.079700
20010531,0.007200,0.025900,0.031800,0.00320,0.021200
20010629,-0.019400,0.060300,-0.010300,0.00280,0.003400
20010731,-0.021300,-0.043500,0.055700,0.00300,0.054700
20010831,-0.064600,0.025000,0.025100,0.00310,0.055400
20010928,-0.092500,-0.061200,0.016000,0.00280,0.115400
20011031,0.024600,0.076300,-0.081000,0.00220,-0.084100
20011130,0.075400,-0.004100,0.020100,0.00170,-0.085800
20011231,0.016100,0.045700,0.011000,0.00150,-0.000200
20020131,-0.014400,0.011900,0.033300,0.00140,0.036800
20020228,-0.022900,-0.011000,0.025000,0.00130,0.067600
20020328,0.042400,0.042300,0.011000,0.00130,-0.016600
20020430,-0.052000,0.059400,0.039200,0.00150,0.079500
20020531,-0.013800,-0.032100,0.016800,0.00140,0.029700
20020628,-0.072100,0.042700,0.001200,0.00130,0.061500
20020731,-0.081800,-0.053000,-0.034400,0.00150,0.033400
20020830,0.005000,-0.024400,0.025200,0.00140,0.017600
20020930,-0.103500,0.025700,0.013200,0.00140,0.090900
20021031,0.078400,-0.029100,-0.054500,0.00140,-0.053000
20021129,0.059600,0.028400,-0.011200,0.00120,-0.161700
20021231,-0.057600,0.000100,0.022300,0.00110,0.096400
20030131,-0.025700,0.013900,-0.009300,0.00100,0.016100
20030228,-0.018800,-0.003400,-0.014500,0.00090,0.012500
20030331,0.010900,0.008900,-0.020800,0.00100,0.016100
20030430,0.082200,0.005600,0.010300,0.00100,-0.094600
20030530,0.060500,0.046900,-0.002900,0.00090,-0.107700
20030630,0.014200,0.016700,0.006800,0.00100,-0.010600
20030731,0.023500,0.052400,-0.011300,0.00070,-0.003100
20030829,0.023400,0.026000,0.020300,0.00070,-0.005600
20030930,-0.012400,0.008000,0.000100,0.00080,-0.001900
20031031,0.060800,0.026800,0.017700,0.00070,0.037300
20031128,0.013500,0.020200,0.018500,0.00070,0.016200
20031231,0.042900,-0.030000,0.024100,0.00080,-0.057100
20040130,0.021500,0.028000,0.019700,0.00070,0.026000
20040227,0.014000,-0.014300,0.005000,0.00060,-0.011000
20040331,-0.013200,0.017500,0.002200,0.00090,0.002100
20040430,-0.018300,-0.020600,-0.026200,0.00080,-0.053900
20040528,0.011700,-0.002100,-0.003900,0.00060,0.016000
20040630,0.018600,0.022600,0.013900,0.00080,0.021000
20040730,-0.040600,-0.038100,0.041200,0.00100,-0.022900
20040831,0.000800,-0.016200,0.010200,0.00110,-0.015500
20040930,0.016000,0.030400,-0.002500,0.00110,0.052500
20041029,0.014300,0.003100,-0.006200,0.00110,-0.015200
20041130,0.045400,0.039100,0.018000,0.00150,0.032300
20041231,0.034300,0.001200,-0.000700,0.00160,-0.028400
20050131,-0.027600,-0.015100,0.019600,0.00160,0.032000
20050228,0.018900,-0.005100,0.016400,0.00160,0.031600
20050331,-0.019700,-0.013800,0.015900,0.00210,0.005400
20050429,-0.026100,-0.039800,-0.003500,0.00210,-0.008700
20050531,0.036500,0.028800,-0.008100,0.00240,0.004400
20050630,0.005700,0.026200,0.026300,0.00230,0.020500
20050729,0.039200,0.029300,-0.005100,0.00240,-0.000100
20050831,-0.012200,-0.009200,0.012700,0.00300,0.022700
20050930,0.004900,-0.005800,0.007600,0.00290,0.034600
20051031,-0.020200,-0.012100,0.002300,0.00270,-0.012900
20051130,0.036100,0.009100,-0.011900,0.00310,0.002500
20051230,-0.002500,-0.004500,0.004400,0.00320,0.007700
20060131,0.030400,0.054100,0.011200,0.00350,0.026800
20060228,-0.003000,-0.003700,-0.002500,0.00340,-0.018400
20060331,0.014600,0.035500,0.006000,0.00370,0.012600
20060428,0.007300,-0.013400,0.026000,0.00360,0.006100
20060531,-0.035700,-0.030400,0.025500,0.00430,-0.036500
20060630,-0.003500,-0.003500,0.008800,0.00400,0.014800
20060731,-0.007800,-0.040700,0.029400,0.00400,-0.022200
20060831,0.020300,0.009000,-0.017100,0.00420,-0.034600
20060929,0.018400,-0.013700,0.000500,0.00410,-0.009400
20061031,0.032300,0.017200,-0.000400,0.00410,-0.002300
20061130,0.017100,0.008600,0.000700,0.00420,-0.010100
20061229,0.008700,-0.011000,0.031500,0.00400,0.008400
20070131,0.014000,0.001100,-0.001100,0.00440,0.002100
20070228,-0.019600,0.013200,-0.000900,0.00380,-0.013500
20070330,0.006800,-0.000500,-0.002200,0.00430,0.024900
20070430,0.034900,-0.020700,-0.011500,0.00440,-0.001600
20070531,0.032400,0.000200,-0.000400,0.00410,-0.002700
20070629,-0.019600,0.007800,-0.011200,0.00400,0.003700
20070731,-0.037300,-0.025100,-0.033300,0.00400,0.028000
20070831,0.009200,-0.001300,-0.022400,0.00420,0.001100
20070928,0.032200,-0.022900,-0.018600,0.00320,0.045900
20071031,0.018000,0.002200,-0.026000,0.00320,0.049600
20071130,-0.048300,-0.026200,-0.011800,0.00340,0.009300
20071231,-0.008700,0.002000,-0.005100,0.00270,0.065200
20080131,-0.063600,-0.009000,0.036500,0.00210,-0.078900
20080229,-0.030900,-0.002400,-0.009400,0.00130,0.061100
20080331,-0.009300,0.009500,-0.001400,0.00170,0.041000
20080430,0.046000,-0.016400,-0.009500,0.00180,-0.002000
20080530,0.018600,0.032200,-0.013800,0.00180,0.032100
20080630,-0.084400,0.012800,-0.024200,0.00170,0.125300
20080731,-0.007700,0.024500,0.058800,0.00150,-0.051400
20080829,0.015300,0.036100,0.015200,0.00130,-0.040400
20080930,-0.092400,-0.011600,0.063300,0.00150,0.003500
20081031,-0.172300,-0.023200,-0.028900,0.00080,0.077900
20081128,-0.078600,-0.029600,-0.060200,0.00030,0.071000
20081231,0.017400,0.036100,-0.002500,0.00000,-0.050800
20090130,-0.081200,0.000800,-0.111800,0.00000,-0.018400
20090227,-0.101000,0.002200,-0.072700,0.00010,0.041600
20090331,0.089500,-0.000800,0.035600,0.00020,-0.113800
20090430,0.101900,0.047700,0.055300,0.00010,-0.343900
20090529,0.052100,-0.023400,-0.002300,0.00000,-0.124400
20090630,0.004300,0.026200,-0.027200,0.00010,0.052900
20090731,0.077200,0.020700,0.052800,0.00010,-0.053600
20090831,0.033300,-0.009000,0.077500,0.00010,-0.088400
20090930,0.040800,0.024600,0.009300,0.00010,-0.049300
20091030,-0.025900,-0.042300,-0.041800,0.00000,0.026600
20091130,0.055600,-0.025000,-0.001700,0.00000,0.002900
20091231,0.027500,0.061000,0.000000,0.00010,0.029100
20100129,-0.033600,0.003800,0.003000,0.00000,-0.053800
20100226,0.034000,0.012100,0.031600,0.00000,0.036000
20100331,0.063100,0.014300,0.021100,0.00010,0.036600
20100430,0.020000,0.049700,0.028100,0.00010,0.032200
20100528,-0.078900,0.000500,-0.023800,0.00010,-0.001300
20100630,-0.055600,-0.019700,-0.045000,0.00010,-0.030000
20100730,0.069300,0.001700,-0.002600,0.00010,0.018800
20100831,-0.047700,-0.030000,-0.019500,0.00010,-0.001900
20100930,0.095400,0.039200,-0.031300,0.00010,0.013500
20101029,0.038800,0.011300,-0.026000,0.00010,0.016400
20101130,0.006000,0.037000,-0.009000,0.00010,0.025400
20101231,0.068200,0.006900,0.038200,0.00010,-0.031900
20110131,0.019900,-0.024700,0.008200,0.00010,-0.003200
20110228,0.034900,0.015300,0.011000,0.00010,0.020300
20110331,0.004500,0.026000,-0.015800,0.00010,0.035100
20110429,0.029000,-0.003400,-0.025200,0.00000,0.000600
20110531,-0.012700,-0.007000,-0.020800,0.00000,-0.005800
20110630,-0.017500,-0.001600,-0.003200,0.00000,0.017700
20110729,-0.023600,-0.013500,-0.012100,0.00000,0.000200
20110831,-0.059900,-0.030500,-0.024800,0.00010,-0.003300
20110930,-0.075900,-0.035300,-0.014100,0.00000,-0.025700
20111031,0.113500,0.034200,-0.001800,0.00000,-0.014200
20111130,-0.002800,-0.001700,-0.003400,0.00000,0.039800
20111230,0.007400,-0.007000,0.017700,0.00000,0.019500
20120131,0.050500,0.021500,-0.011300,0.00000,-0.079600
20120229,0.044200,-0.017500,0.000800,0.00000,-0.002800
20120330,0.031100,-0.006200,0.009200,0.00000,0.014900
20120430,-0.008500,-0.005200,-0.004800,0.00000,0.038400
20120531,-0.061900,0.000000,-0.005900,0.00010,0.065900
20120629,0.038900,0.007600,0.004400,0.00000,-0.007200
20120731,0.007900,-0.026100,-0.002700,0.00000,0.031600
20120831,0.025500,0.004000,0.013100,0.00010,-0.024800
20120928,0.027300,0.004900,0.015300,0.00010,-0.010400
20121031,-0.017600,-0.011500,0.037900,0.00010,0.001000
20121130,0.007800,0.005900,-0.009700,0.00010,0.003400
20121231,0.011800,0.014800,0.035800,0.00010,-0.029700
20130131,0.055700,0.003900,0.009500,0.00000,-0.018600
20130228,0.012900,-0.004500,0.000300,0.00000,0.013200
20130328,0.040300,0.008100,-0.003000,0.00000,0.019700
20130430,0.015500,-0.024200,0.006200,0.00000,0.002700
20130531,0.028000,0.016600,0.026000,0.00000,-0.017800
20130628,-0.012000,0.011700,-0.001700,0.00000,0.005900
20130731,0.056500,0.018600,0.005600,0.00000,0.017500
20130830,-0.027100,0.003100,-0.027800,0.00000,0.000500
20130930,0.037700,0.029200,-0.011900,0.00000,0.029600
20131031,0.041800,-0.015100,0.011400,0.00000,0.001500
20131129,0.031200,0.012200,0.002400,0.00000,0.004000
20131231,0.028100,-0.005000,-0.003100,0.00000,0.000400
20140131,-0.033200,0.008500,-0.020900,0.00000,0.017000
20140228,0.046500,0.003400,-0.004000,0.00000,0.020700
20140331,0.004300,-0.018900,0.050900,0.00000,-0.033400
20140430,-0.001900,-0.042400,0.011400,0.00000,-0.038600
20140530,0.020600,-0.018600,-0.002700,0.00000,0.011500
20140630,0.026100,0.030800,-0.007400,0.00000,0.006700
20140731,-0.020400,-0.042500,0.000100,0.00000,-0.002500
20140829,0.042400,0.003600,-0.005900,0.00000,0.008000
20140930,-0.019700,-0.038300,-0.012300,0.00000,0.005200
20141031,0.025200,0.042100,-0.017000,0.00000,0.000000
20141128,0.025500,-0.020900,-0.030000,0.00000,0.010600
20141231,-0.000600,0.025500,0.020600,0.00000,0.010900
20150130,-0.031100,-0.005600,-0.034800,0.00000,0.038400
20150227,0.061300,0.004900,-0.018100,0.00000,-0.028300
20150331,-0.011200,0.030300,-0.004600,0.00000,0.030200
20150430,0.005900,-0.029800,0.018500,0.00000,-0.073900
20150529,0.013600,0.008700,-0.013700,0.00000,0.060100
20150630,-0.015300,0.028300,-0.007900,0.00000,0.030300
20150731,0.015400,-0.041500,-0.041200,0.00000,0.103300
20150831,-0.060400,0.004900,0.026600,0.00000,-0.021200
20150930,-0.030800,-0.026400,0.005300,0.00000,0.053300
20151030,0.077500,-0.019700,-0.000700,0.00000,-0.040400
20151130,0.005600,0.036400,-0.005100,0.00000,0.023200
20151231,-0.021700,-0.028300,-0.025900,0.00010,0.034500
20160129,-0.057700,-0.033500,0.020800,0.00010,0.013300
20160229,-0.000700,0.007900,-0.005000,0.00020,-0.041100
20160331,0.069600,0.008700,0.011600,0.00020,-0.051300
20160429,0.009200,0.006900,0.032600,0.00010,-0.062700
20160531,0.017800,-0.002700,-0.018100,0.00010,0.019200
20160630,-0.000500,0.006500,-0.014700,0.00020,0.042200
20160729,0.039500,0.026400,-0.011100,0.00020,-0.029900
20160831,0.005000,0.011600,0.033400,0.00020,-0.031200
20160930,0.002500,0.020200,-0.014900,0.00020,-0.005800
20161031,-0.020200,-0.043900,0.041600,0.00020,0.006500
20161130,0.048600,0.054700,0.082900,0.00010,-0.041500
20161230,0.018200,0.001000,0.035800,0.00030,-0.004200
20170131,0.019400,-0.010400,-0.027800,0.00040,-0.009400
20170228,0.035700,-0.020200,-0.017900,0.00040,-0.016500
20170331,0.001700,0.012000,-0.031700,0.00030,-0.009200
20170428,0.010900,0.007100,-0.018700,0.00050,0.005500
20170531,0.010600,-0.025400,-0.037800,0.00060,0.014500
20170630,0.007800,0.021700,0.013500,0.00060,-0.002600
20170731,0.018700,-0.014100,-0.002900,0.00070,0.016300
20170831,0.001600,-0.016700,-0.022400,0.00090,0.035200
20170929,0.025100,0.045500,0.030300,0.00090,-0.011700
20171031,0.022500,-0.019400,-0.000500,0.00090,0.043000
20171130,0.031200,-0.006500,-0.000400,0.00080,-0.007300
20171229,0.010600,-0.012800,0.001400,0.00090,-0.016500
20180131,0.055800,-0.030300,-0.013700,0.00110,0.039300
20180228,-0.036500,0.002600,-0.011900,0.00110,0.039600
20180329,-0.023500,0.039500,-0.001200,0.00120,-0.012400
20180430,0.002900,0.011200,0.005400,0.00140,0.002000
20180531,0.026500,0.052300,-0.031600,0.00140,0.038100
20180629,0.004800,0.011800,-0.023800,0.00140,-0.023900
20180731,0.031900,-0.021700,0.004300,0.00160,-0.016000
20180831,0.034400,0.011500,-0.040800,0.00160,0.053100
20180928,0.000600,-0.023700,-0.013000,0.00150,-0.000700
20181031,-0.076800,-0.047600,0.034400,0.00190,-0.018200
20181130,0.016900,-0.007900,0.002500,0.00180,-0.014200
20181231,-0.095500,-0.026300,-0.014700,0.00190,0.018400
20190131,0.084100,0.030100,-0.006200,0.00210,-0.086800
20190228,0.034000,0.020600,-0.028400,0.00180,0.007900
20190329,0.011000,-0.031300,-0.040700,0.00190,0.021800
20190430,0.039600,-0.016800,0.019300,0.00210,-0.026100
20190531,-0.069400,-0.012000,-0.023900,0.00210,0.076100
20190628,0.069300,0.003300,-0.010800,0.00180,-0.022300
20190731,0.011900,-0.020700,0.001400,0.00190,0.026800
20190830,-0.025800,-0.024100,-0.049900,0.00160,0.076000
20190930,0.014400,-0.009000,0.067100,0.00180,-0.068500
20191031,0.020600,0.002500,-0.020700,0.00150,0.002400
20191129,0.038700,0.008700,-0.018600,0.00120,-0.026200
20191231,0.027700,0.006800,0.018300,0.00140,-0.021300
20200131,-0.001100,-0.031100,-0.062600,0.00130,0.055500
