,0,1,2,3
1,1,1,1,1
2,5,7,8,9
4,4,4,5,5
5,8,6,9,8
6,7,6,3,4
7,4,2,2,2
8,6,6,6,6
9,7,7,6,5
10,2,5,5,5
11,5,5,5,3
12,4,6,6,8
14,4,6,6,6
16,7,4,3,3
17,6,2,1,3
18,5,3,2,2
19,5,5,6,6
20,8,6,5,6
21,7,5,6,3
22,7,0,0,1
23,4,5,7,6
25,5,8,8,9
26,9,8,6,5
27,6,5,8,8
28,6,5,5,4
29,8,7,6,6
30,4,3,6,5
31,3,4,7,6
32,7,6,6,5
33,1,1,1,1
34,4,4,8,7
35,6,5,3,4
36,3,4,7,4
37,5,3,2,5
38,5,1,3,4
39,6,5,6,4
40,8,6,4,4
42,7,5,6,7
43,8,6,6,6
45,3,2,5,6
46,7,4,6,6
48,7,8,8,6
49,6,6,8,8
50,4,5,6,4
55,4,4,5,3
56,7,5,5,5
58,9,4,6,6
59,5,5,7,7
60,6,6,3,2
61,7,6,6,8
62,6,6,7,7
63,4,3,3,5
65,8,8,8,6
66,4,6,2,2
68,2,0,2,2
69,5,6,6,5
70,4,4,6,6
78,6,5,6,4
88,6,5,5,4
89,9,6,5,4
90,2,5,4,5
96,5,6,5,6
99,9,9,8,7
100,2,2,4,3
150,6,4,4,4
151,4,5,4,5
153,5,6,3,3
155,3,7,7,8
156,6,5,4,4
157,7,7,7,7
158,5,5,7,5
159,9,8,7,1
166,1,1,1,1
301,4,5,4,4
333,10,9,7,6
338,7,7,4,5
400,2,3,6,9
401,9,7,9,8
402,5,5,6,7
403,7,7,3,7
404,6,7,3,3
407,6,6,5,7
408,9,5,4,3
409,6,6,5,4
410,7,4,4,2
411,7,8,6,8
413,7,8,5,4
415,7,8,9,8
416,2,2,2,2
417,5,6,6,6
418,8,8,1,1
419,6,6,4,5
420,4,7,3,4
421,5,7,7,7
422,6,5,5,7
423,5,6,4,3
425,7,5,8,8
426,7,4,3,2
428,4,4,4,7
429,8,8,4,4
430,5,5,4,4
488,5,4,3,4
498,2,2,5,6
501,3,5,5,4
502,5,6,7,6
503,4,3,3,3
504,5,7,4,5
505,6,7,5,6
506,3,4,3,2
507,4,4,5,5
509,5,1,3,6
510,9,8,4,3
511,0,0,0,1
513,5,4,7,7
514,6,5,3,5
516,7,7,3,2
517,6,3,5,3
518,5,4,3,4
519,6,6,5,6
520,6,5,3,2
521,6,6,5,6
523,6,2,3,4
524,7,8,6,7
525,7,7,3,2
526,6,4,4,5
528,5,5,5,8
529,6,8,6,6
530,6,3,9,6
531,3,2,5,6
532,3,6,7,5
533,4,1,4,5
534,4,4,7,6
536,0,2,3,2
537,7,9,5,6
538,7,5,4,4
539,7,4,6,7
540,6,4,4,5
541,5,5,3,3
543,8,8,6,6
544,4,4,0,3
545,4,3,4,2
546,7,7,6,4
547,6,7,5,3
548,5,4,4,5
550,5,5,4,4
551,7,5,5,6
552,9,7,5,5
553,8,8,3,5
554,4,4,4,6
555,8,5,7,5
557,9,6,4,5
558,3,2,4,0
559,5,5,5,3
560,5,5,5,7
561,4,7,3,3
563,2,2,1,1
564,6,5,3,4
565,5,6,6,6
566,6,7,4,4
567,2,2,2,2
568,6,7,6,4
570,5,7,7,7
571,3,3,5,6
572,4,2,3,1
573,4,6,6,9
576,3,5,5,5
581,5,7,7,5
582,6,5,7,8
584,8,7,4,4
585,4,4,6,4
586,2,3,3,4
587,4,4,1,4
589,6,6,7,6
590,3,2,6,7
591,6,5,5,6
592,7,6,8,6
593,5,4,6,7
595,2,4,0,0
596,7,8,7,7
597,7,8,7,6
598,7,4,2,3
599,5,5,4,3
600,7,8,5,6
601,2,3,8,7
603,7,6,5,4
605,6,6,5,4
606,7,6,6,5
607,6,6,3,4
608,5,5,3,3
609,2,1,4,4
610,6,6,4,4
611,3,3,5,7
612,2,3,5,8
613,6,5,3,5
615,9,5,7,6
616,7,7,8,4
617,2,2,2,2
619,4,2,7,6
620,8,7,5,2
622,7,6,5,5
623,6,5,5,6
625,8,7,2,1
626,8,7,8,6
627,1,1,1,1
628,5,6,5,5
629,9,9,5,6
630,8,9,7,5
631,9,9,6,7
632,7,3,7,6
633,5,7,5,4
635,4,4,5,5
636,8,8,5,4
637,3,3,7,8
638,4,3,7,4
639,6,6,4,5
650,7,7,7,6
651,6,7,6,7
652,7,4,4,4
655,5,6,5,5
656,7,6,7,7
657,6,6,5,6
659,5,5,5,4
661,8,7,5,7
662,5,5,4,3
663,4,2,4,5
665,4,3,4,2
666,2,3,2,2
667,3,3,5,4
668,8,5,6,6
669,5,4,3,5
670,1,2,2,1
671,9,8,6,7
672,9,9,10,9
673,5,2,2,4
676,9,6,4,5
677,6,5,6,5
678,2,2,6,3
679,4,3,3,3
680,6,7,4,6
681,7,8,7,7
682,8,7,5,4
683,9,9,6,4
685,5,4,5,2
686,1,1,1,1
687,4,3,3,1
688,6,5,4,3
690,6,6,6,5
691,6,7,4,2
692,3,7,4,4
693,3,0,0,0
695,7,7,8,5
697,4,5,6,6
698,6,5,5,5
700,4,4,6,7
701,3,6,2,2
702,4,7,6,7
703,3,3,4,5
705,7,7,6,6
707,6,6,6,4
708,6,7,7,5
709,6,8,6,6
710,6,7,6,3
711,5,4,6,6
712,0,0,1,1
713,7,6,6,7
715,7,7,7,8
716,6,6,5,4
717,8,8,7,7
718,5,5,8,9
719,5,7,8,7
720,9,10,7,8
721,4,4,3,4
722,4,5,9,7
723,6,6,5,5
725,3,4,5,2
726,4,5,5,5
727,2,3,3,3
728,1,1,1,1
729,8,7,7,5
731,10,10,7,8
732,6,8,7,5
733,8,6,5,5
735,5,5,5,3
736,8,7,4,5
737,4,8,6,8
738,8,8,6,5
739,10,8,9,8
750,1,1,1,1
751,5,5,4,6
752,5,3,3,4
753,5,7,5,6
755,7,4,5,5
756,8,8,6,6
757,8,6,7,4
758,3,3,5,4
759,8,7,3,4
760,6,2,4,5
761,6,5,7,5
762,5,4,3,3
766,8,8,7,4
767,8,7,6,8
768,3,2,7,6
776,1,1,1,1
777,8,6,5,5
778,7,8,7,6
779,3,7,9,10
780,5,5,1,2
782,6,4,5,5
783,1,1,1,1
785,10,6,5,5
786,9,6,3,4
788,9,6,6,3
789,8,7,5,5
790,7,6,7,5
791,10,9,7,8
792,5,6,6,4
793,4,2,4,7
795,4,7,5,6
796,6,8,5,5
797,8,8,4,3
798,6,5,2,8
799,8,7,5,3
800,3,4,2,1
801,7,7,4,5
802,6,6,2,4
803,7,5,6,6
806,3,4,5,6
807,3,3,5,6
809,5,6,5,3
810,8,5,7,5
811,6,5,5,5
812,4,5,2,4
813,7,8,3,3
815,8,7,3,2
816,5,8,8,7
818,6,7,3,2
819,7,7,7,6
820,5,4,3,3
821,5,3,6,6
822,6,6,4,5
823,7,5,7,6
825,8,7,5,6
826,7,3,2,3
828,7,8,6,4
829,5,3,7,6
830,8,7,5,3
831,8,6,3,3
833,5,4,4,5
835,5,3,1,2
836,6,6,4,5
837,5,5,3,4
838,4,6,3,3
839,4,6,4,6
848,9,5,7,6
850,10,6,6,6
851,5,4,3,4
852,5,3,3,5
856,4,5,5,3
858,8,7,8,6
859,9,6,6,8
860,6,6,7,6
861,6,8,5,6
862,6,6,4,4
863,7,5,7,6
868,2,1,7,7
869,7,6,5,5
875,6,5,6,7
876,4,4,5,5
877,10,10,7,7
878,7,6,7,6
880,8,8,4,5
881,6,6,5,4
882,8,8,9,8
883,3,5,4,4
885,5,7,9,8
886,7,8,7,5
887,6,6,4,3
888,5,4,6,5
889,4,2,4,5
890,7,5,2,4
892,5,3,7,7
893,6,6,8,6
895,9,7,6,5
897,5,5,4,7
898,10,8,5,5
899,7,5,7,7
900,6,6,6,6
901,4,3,5,5
902,9,8,4,4
903,3,4,5,5
905,3,5,3,3
906,7,9,5,5
908,6,3,3,1
909,8,6,2,2
910,7,6,5,4
911,5,5,1,2
912,7,7,7,7
913,6,6,6,8
915,4,3,6,4
916,1,1,1,1
917,4,7,5,8
918,8,4,5,3
919,7,8,6,6
920,4,3,4,4
921,7,6,6,4
922,7,6,7,5
923,6,6,7,8
925,6,5,7,7
926,6,8,3,4
927,5,8,4,4
928,3,4,5,6
929,3,4,5,4
930,6,6,7,7
931,9,7,6,6
932,9,9,7,7
933,5,5,6,8
935,7,6,7,6
936,8,5,6,6
937,9,8,6,5
938,7,5,4,2
939,4,3,3,5
948,8,6,6,3
949,5,7,3,5
950,3,3,6,7
951,7,8,7,7
952,9,7,3,4
953,5,5,3,3
955,5,4,4,6
957,6,6,6,6
958,5,5,5,5
959,9,7,5,5
960,6,5,6,5
961,7,6,6,3
962,8,7,6,7
963,7,5,4,4
965,9,8,4,3
966,9,8,7,9
967,4,7,6,6
968,8,9,5,6
969,5,4,7,7
970,6,6,3,2
971,2,2,6,5
972,5,5,6,5
973,5,5,6,8
975,6,5,7,8
976,7,6,7,4
977,7,7,9,7
978,6,5,2,5
979,3,0,0,1
980,7,6,4,1
981,6,4,2,2
982,5,5,3,3
983,7,7,8,8
985,5,3,6,5
987,1,1,1,1
988,7,8,6,6
989,4,4,4,4
990,6,5,3,2
993,6,4,6,7
995,4,3,3,4
996,6,6,4,4
997,4,4,6,6
998,3,5,5,5
999,9,7,7,7
1696,7,6,6,6
1872,0,2,3,2
1896,3,2,5,7
1965,1,6,8,8
1979,7,7,4,4
2001,9,9,3,1
2002,4,4,4,5
2003,3,4,3,2
2004,8,7,6,4
2005,8,5,3,3
2006,2,2,3,5
2007,5,6,4,6
2008,5,5,4,4
2009,7,5,2,3
2010,5,6,6,5
2011,5,3,6,8
2012,5,4,5,6
2013,5,7,6,8
2014,6,5,7,6
2015,5,3,5,5
2016,7,7,7,8
2017,3,4,2,3
2018,3,3,5,4
2019,6,5,4,3
2020,6,7,5,5
2021,7,4,4,3
2022,5,2,3,6
2023,6,6,4,3
2024,6,7,5,5
2025,4,7,6,6
2026,5,6,5,7
2027,4,5,3,4
2028,4,3,5,6
2029,6,9,6,3
2030,5,6,5,4
2031,7,6,5,6
2032,8,6,8,6
2033,7,3,6,2
2034,3,4,4,3
2035,6,5,4,6
2036,5,3,4,5
2037,6,7,8,7
2038,6,6,3,2
2039,5,6,4,5
2040,9,6,4,3
2041,2,4,2,2
2042,8,4,5,4
2043,5,4,2,7
2044,6,6,1,1
2045,2,1,6,8
2046,7,4,8,7
2047,8,5,6,5
2048,7,7,8,8
2049,7,7,7,6
2050,6,6,6,5
2051,8,3,3,4
2052,5,3,5,5
2053,3,4,6,5
2054,8,5,7,8
2055,6,7,4,5
2056,7,8,3,3
2057,7,6,5,4
2058,6,6,2,2
2059,7,9,9,6
2060,6,7,5,5
2061,5,7,5,4
2062,7,7,4,5
2063,4,5,5,6
2064,7,7,4,4
2065,6,7,8,8
2066,7,6,6,5
2067,8,5,3,2
2068,8,6,2,1
2069,5,6,2,4
2070,4,6,0,0
2071,5,5,3,3
2072,2,0,3,4
2073,5,1,4,4
2074,7,5,5,4
2075,8,7,3,2
2076,3,1,3,5
2077,3,3,0,0
2078,6,5,3,5
2079,6,5,5,7
2080,6,7,6,5
2081,9,8,6,3
2082,3,3,3,4
2083,6,4,7,8
2084,5,3,6,8
2085,2,2,5,4
2086,4,2,4,5
2087,6,8,4,4
2088,7,7,7,5
2089,5,3,5,3
2090,6,5,8,6
2091,8,7,5,5
2092,5,6,6,5
2093,6,4,4,7
2094,4,4,7,8
2095,7,5,2,1
2096,4,5,9,8
2097,7,5,4,5
2098,7,2,7,7
2099,8,8,8,7
2100,3,1,4,6
2101,9,7,6,6
2102,7,2,4,6
2103,5,3,6,6
2104,6,5,5,5
2105,1,3,6,8
2106,6,5,6,6
2107,5,3,4,3
2108,4,2,4,5
2109,7,8,5,7
2110,7,6,4,4
2111,5,7,5,8
2112,3,8,6,7
2113,3,4,7,5
2114,5,3,6,4
2115,5,6,6,5
2116,8,7,6,7
2117,6,6,6,6
2118,8,6,3,3
2119,8,7,5,6
2120,3,3,5,4
2121,5,4,4,5
2122,4,4,5,6
2123,5,3,4,3
2124,4,3,2,3
2125,5,6,5,5
2126,5,4,4,4
2127,7,9,6,6
2128,6,6,5,5
2129,2,5,3,5
2130,8,6,6,6
2131,6,4,7,7
2132,5,4,7,8
2133,5,4,5,6
2134,4,1,7,7
2135,8,7,4,8
2136,6,4,5,5
2137,7,3,7,6
2138,8,7,3,2
2139,4,5,7,5
2140,7,8,5,5
2141,5,3,4,4
2142,1,1,1,1
2143,3,0,1,3
2144,8,8,7,5
2145,6,6,4,6
2146,8,8,5,5
2147,8,4,3,3
2148,7,6,2,3
2149,6,7,7,5
2150,4,5,8,7
2151,4,5,3,2
2152,6,5,5,5
2153,4,5,7,8
2154,5,8,6,8
2155,5,4,3,3
2156,4,6,3,2
2157,4,2,4,5
2158,6,6,5,8
2159,8,7,6,7
2160,6,3,4,4
2161,3,0,8,6
2162,6,6,8,8
2163,4,4,8,9
2164,3,4,8,8
2165,2,2,3,3
2166,8,6,3,4
2167,7,6,3,3
2168,7,6,5,4
2169,5,4,6,4
2170,8,7,6,7
2171,7,5,2,3
2172,3,1,3,1
2173,6,5,5,5
2174,8,7,3,3
2175,3,2,5,5
2176,7,1,5,5
2177,5,4,7,6
2178,5,3,3,2
2179,6,4,6,6
2180,7,5,5,6
2181,5,5,6,4
2182,6,5,5,7
2183,8,7,4,4
2184,1,2,6,6
2185,2,2,3,3
2186,7,5,5,2
2187,6,6,5,5
2188,0,1,6,5
2189,5,4,2,2
2190,5,4,8,9
2191,6,7,7,6
2192,2,2,1,0
2193,8,8,8,7
2194,7,8,6,7
2195,5,4,8,6
2196,3,2,3,4
2197,5,3,2,3
2198,6,6,5,5
2199,4,3,5,9
2200,1,4,9,8
2201,8,8,5,5
2202,2,4,3,4
2203,7,8,4,5
2204,4,4,7,7
2205,2,3,5,4
2206,6,5,4,2
2207,6,4,4,6
2208,8,6,7,5
2209,5,5,3,3
2210,4,1,3,5
2211,5,5,2,4
2212,5,7,5,3
2213,4,5,5,1
2214,6,7,6,7
2215,5,6,3,4
2216,7,5,2,4
2217,5,4,5,2
2218,4,4,4,8
2219,3,2,2,5
2220,4,3,2,0
2221,6,6,5,6
2222,6,6,4,4
2223,5,5,7,4
2224,4,3,5,5
2225,6,5,5,2
2226,4,5,10,10
2227,3,2,2,2
2228,5,5,8,8
2229,5,4,7,6
2230,7,7,8,5
2231,4,3,2,5
2232,6,6,3,3
2233,10,8,4,5
2234,8,9,9,8
2235,7,7,6,6
2236,6,6,4,6
2237,6,2,4,2
2238,4,4,6,5
2239,7,5,5,4
2240,7,8,4,4
2241,3,5,5,6
2242,6,2,3,3
2243,6,5,5,8
2244,5,6,6,5
2245,6,6,5,3
2246,7,9,7,7
2247,3,3,5,3
2248,5,2,7,6
2249,6,4,6,7
2250,5,5,6,6
2251,6,6,3,2
2252,6,4,5,6
2253,8,6,4,4
2254,6,5,4,4
2255,4,3,5,4
2256,4,5,4,2
2258,6,6,6,7
2259,3,3,4,4
2260,4,4,3,3
2261,2,2,5,8
2262,6,6,8,8
2263,7,7,8,10
2264,5,5,7,6
2265,4,3,2,2
2266,6,5,5,5
2267,4,5,5,5
2268,6,3,7,6
2269,6,6,2,0
2270,2,5,6,8
2271,4,2,5,6
2272,4,3,6,6
2273,6,6,5,4
2274,6,7,7,7
2275,6,5,5,4
2276,6,6,5,7
2277,6,6,3,3
2278,5,5,6,9
2279,7,3,4,3
2280,6,5,2,6
2281,4,4,5,4
2282,4,6,5,6
2283,7,7,8,7
2284,6,6,2,1
2285,3,5,4,6
2286,5,4,4,5
2287,9,8,5,1
2288,9,4,3,3
2289,2,0,3,3
2290,7,6,7,5
2291,7,7,5,5
2292,4,2,5,7
2293,5,6,7,6
2294,4,4,3,3
2295,4,3,6,4
2296,7,9,8,7
2297,8,6,2,3
2298,7,6,5,3
2299,8,7,8,9
2300,3,5,6,6
2301,2,2,4,4
2302,9,9,6,6
2303,8,7,3,4
2304,10,9,7,5
2305,5,6,5,7
2306,3,6,5,5
2307,3,6,4,2
2308,5,4,6,6
2309,8,6,4,4
2310,3,3,2,3
2311,4,4,4,7
2312,5,2,6,5
2313,3,3,2,3
2314,3,1,5,2
2315,5,4,5,6
2316,7,7,5,6
2317,4,7,3,8
2318,10,10,6,6
2319,4,5,3,5
2320,5,6,5,5
2321,8,7,5,6
2322,5,5,4,4
2323,5,4,0,2
2324,6,5,6,7
2325,4,5,5,8
2326,8,7,5,5
2327,6,7,5,5
2328,7,6,3,4
2329,4,4,7,6
2330,4,4,5,5
2331,5,4,7,6
2332,8,8,9,9
2333,2,1,4,4
2334,3,4,2,3
2335,5,3,4,5
2336,6,5,3,2
2337,4,6,6,3
2338,5,6,5,5
2339,7,6,4,5
2340,6,6,4,7
2341,5,5,3,4
2342,7,6,7,6
2343,8,6,5,6
2344,5,6,4,4
2345,7,6,1,4
2346,4,3,5,4
2347,5,5,1,8
2348,4,5,5,7
2349,8,7,3,3
2350,7,6,5,4
2351,6,4,9,6
2352,6,5,4,4
2353,7,6,6,6
2354,5,1,4,4
2355,5,4,6,7
2356,3,3,1,2
2357,5,5,6,8
2358,5,5,3,3
2359,5,2,3,3
2360,9,9,4,2
2361,5,5,7,6
2362,4,3,4,3
2363,7,6,4,2
2364,7,6,6,4
2365,6,6,5,5
2366,6,4,4,4
2367,3,3,6,5
2368,6,7,7,5
2369,7,3,4,3
2370,5,3,3,3
2371,4,8,4,6
2372,8,8,8,4
2373,6,7,5,6
2374,5,0,3,4
2375,4,3,6,5
2376,6,7,7,5
2377,8,8,6,6
2378,8,6,3,2
2379,4,4,6,5
2380,5,7,6,6
2381,8,8,6,6
2382,3,3,9,8
2383,7,6,3,2
2384,4,4,6,8
2385,5,5,4,4
2386,6,6,7,5
2387,5,5,6,5
2388,5,5,5,7
2389,4,6,6,7
2390,9,4,6,5
2391,7,6,3,3
2392,8,6,5,4
2393,8,9,6,5
2394,9,9,6,6
2395,7,6,4,5
2396,6,7,7,7
2397,7,6,6,6
2398,7,6,6,6
2399,6,6,6,5
2400,6,9,6,5
2401,7,6,4,4
2402,2,4,5,5
2403,4,4,5,5
2404,4,5,6,6
2405,8,6,4,3
2406,7,9,5,4
2407,4,5,4,5
2408,3,4,3,4
2409,4,6,7,7
2410,4,5,3,3
2411,6,4,1,3
2412,8,6,6,5
2413,5,4,6,4
2414,2,2,7,7
2415,5,4,5,6
2416,5,5,6,7
2417,7,3,5,5
2418,4,4,7,5
2419,7,6,6,6
2420,6,4,4,3
2421,5,2,5,4
2422,8,9,7,5
2423,0,1,2,2
2424,4,4,2,1
2425,6,6,8,8
2426,5,5,2,2
2427,4,3,4,5
2428,8,8,2,2
2429,5,5,7,6
2430,9,9,6,4
2431,3,4,4,2
2432,3,5,8,3
2433,5,4,6,5
2434,4,5,4,4
2435,6,5,4,7
2436,8,6,4,7
2437,8,7,7,5
2438,5,6,7,9
2439,6,8,5,3
2440,10,7,4,3
2441,7,7,8,7
2442,8,6,6,4
2443,5,5,8,8
2444,6,6,6,7
2445,2,1,1,3
2446,4,2,3,4
2447,3,2,5,5
2448,6,5,4,3
2449,8,7,5,5
2450,8,5,4,4
2451,6,4,7,7
2452,3,2,5,4
2453,6,5,5,6
2454,6,5,5,6
2455,7,5,3,1
2456,4,3,5,5
2457,7,5,6,7
2458,7,9,8,8
2459,7,3,2,3
2460,7,4,4,4
2461,5,4,6,6
2462,6,6,9,6
2463,9,9,7,8
2464,6,5,3,4
2465,8,7,10,9
2466,7,1,2,2
2467,6,6,5,6
2468,5,4,4,4
2469,5,4,5,6
2470,7,5,6,5
2471,6,5,3,3
2472,6,5,5,2
2473,6,6,4,3
2474,6,7,4,3
2475,4,6,6,5
2476,5,3,6,6
2477,3,4,1,1
2478,4,6,8,8
2479,5,4,3,3
2480,6,7,5,3
2481,5,7,5,5
2482,6,2,5,5
2483,5,5,5,5
2484,6,6,3,3
2485,6,5,3,6
2486,10,8,7,3
2487,7,5,7,5
2488,6,4,5,4
2489,4,4,8,7
2490,8,8,7,5
2491,4,3,5,5
2492,8,7,5,4
2493,2,3,3,3
2494,6,7,5,4
2495,7,6,3,2
2496,6,6,2,2
2497,5,5,4,5
2498,6,6,8,8
2499,5,1,3,2
2500,1,1,1,1
2501,2,0,3,3
2502,5,2,3,3
2503,5,4,2,5
2504,2,4,4,2
2505,7,5,5,5
2506,5,7,3,3
2507,7,7,7,6
2508,5,4,7,5
2509,3,1,2,1
2510,2,3,6,6
2511,6,8,6,6
2512,5,3,5,6
2513,4,0,4,5
2514,4,7,8,8
2515,5,5,8,7
2516,8,5,4,2
2517,4,2,5,4
2518,5,5,5,3
2519,9,2,7,7
2520,7,5,5,4
2521,6,6,5,6
2522,6,4,8,6
2523,4,4,5,4
2524,6,3,10,9
2526,7,7,6,7
2527,5,4,6,6
2528,5,3,5,3
2529,3,2,5,4
2530,7,6,4,7
2531,2,2,7,6
2532,3,6,6,8
2533,5,3,2,4
2534,7,6,7,5
2535,8,5,4,4
2536,3,2,3,3
2537,8,6,5,4
2538,4,5,4,6
2539,8,5,6,7
2540,4,6,5,3
2541,7,5,4,5
2542,4,5,6,6
2543,6,8,9,8
2544,8,5,3,3
2545,8,8,7,8
2546,7,6,7,6
2547,7,8,6,6
2548,2,1,6,5
2549,7,6,3,5
2550,6,6,7,6
2551,7,8,4,3
2552,10,9,7,6
2553,6,6,3,3
2554,4,3,8,6
2555,7,6,8,8
2556,6,2,3,4
2557,8,8,8,8
2558,5,6,5,4
2559,7,7,4,2
2560,4,3,4,7
2561,7,5,4,6
2562,7,4,2,3
2563,6,5,6,7
2564,5,3,4,5
2565,7,6,8,7
2566,8,7,6,8
2567,5,4,4,5
2568,6,5,8,7
2569,4,2,5,4
2570,5,5,2,4
2571,3,1,5,6
2572,8,6,3,4
2573,7,6,3,2
2574,4,4,5,5
2575,5,6,5,4
2576,5,5,7,5
2577,4,3,7,2
2578,7,5,6,7
2579,3,4,6,6
2580,6,6,7,7
2581,4,3,8,7
2582,7,6,6,5
2583,6,9,7,7
2584,2,2,4,7
2585,6,7,5,6
2586,7,4,6,6
2587,7,7,4,5
2588,5,5,4,6
2589,5,6,5,5
2590,4,3,4,3
2591,6,6,6,6
2592,4,3,3,5
2593,7,7,4,5
2594,5,7,6,4
2595,5,5,5,2
2596,5,4,4,3
2597,8,7,5,6
2598,3,2,6,6
2599,8,7,7,7
2600,4,5,8,5
2601,5,6,3,3
2602,5,4,5,6
2603,8,6,8,6
2604,4,5,4,3
2605,5,6,6,6
2606,2,2,5,6
2607,6,6,7,7
2608,5,5,5,4
2609,2,3,6,6
2610,7,8,7,6
2611,8,2,6,7
2612,7,7,9,8
2613,8,5,5,3
2614,7,7,7,5
2615,6,5,6,4
2616,5,5,5,4
2617,6,2,4,5
2618,7,9,5,5
2619,7,7,6,3
2620,6,3,4,4
2621,3,5,3,3
2622,7,6,5,4
2623,6,6,7,5
2624,9,6,7,4
2625,3,7,6,8
2626,7,5,5,6
2627,5,5,6,5
2628,5,3,3,4
2629,1,2,3,4
2630,5,3,2,3
2631,6,6,3,3
2632,9,8,4,3
2633,3,5,1,1
2634,5,5,5,6
2635,7,7,4,3
2636,6,5,3,4
2637,6,6,5,6
2638,2,3,6,6
2639,6,5,6,5
2640,5,7,6,5
2641,7,6,8,8
2642,5,1,6,6
2643,5,7,7,6
2644,6,5,5,4
2645,7,7,7,7
2646,4,5,3,3
2647,2,2,2,2
2648,4,4,5,5
2649,7,4,5,4
2650,6,6,7,8
2651,8,5,4,6
2652,4,5,3,4
2653,5,6,7,7
2654,5,2,6,6
2655,5,7,7,7
2656,7,6,5,5
2657,6,6,4,4
2658,5,4,6,6
2659,2,2,7,5
2660,4,1,6,6
2661,5,5,3,4
2662,8,4,1,0
2663,5,6,4,3
2664,4,6,8,8
2665,5,3,4,5
2666,4,4,5,5
2667,5,5,5,7
2668,7,5,4,3
2669,4,6,7,6
2670,1,1,2,2
2671,9,6,3,3
2672,8,5,5,5
2673,1,1,1,1
2674,7,4,5,5
2675,7,8,8,8
2676,2,6,6,7
2677,5,5,7,6
2678,8,6,5,4
2679,7,2,5,7
2680,0,0,1,1
2681,6,1,6,5
2682,4,5,3,4
2683,7,7,6,6
2684,3,3,5,5
2685,8,7,5,4
2686,4,4,5,4
2687,7,6,7,7
2688,8,6,7,7
2689,4,6,4,3
2690,7,9,7,6
2691,4,5,5,6
2692,5,5,8,4
2693,6,5,6,6
2694,3,2,3,4
2695,6,5,8,8
2696,7,6,3,3
2697,7,7,9,8
2698,6,5,8,8
2699,5,3,4,6
2700,3,4,3,7
2701,7,5,5,4
2702,7,6,5,4
2703,4,5,2,3
2705,6,5,6,6
2706,8,6,6,5
2707,6,5,3,2
2708,5,1,4,5
2709,5,4,6,6
2711,5,2,2,2
2712,6,5,6,6
2713,7,8,3,1
2714,5,5,3,5
2715,3,5,4,7
2716,8,5,3,2
2717,3,5,4,4
2718,4,3,1,3
2719,6,3,4,5
2721,4,4,3,6
2722,5,5,5,3
2723,0,0,7,7
2724,8,9,6,6
2725,6,5,7,6
2726,2,2,3,3
2727,7,6,4,3
2728,10,8,6,4
2729,1,1,4,6
2730,8,4,8,8
2731,2,3,3,5
2732,4,3,8,8
2733,6,5,5,5
2734,4,4,4,5
2735,4,6,4,6
2736,1,1,1,1
2737,7,4,4,5
2738,3,2,5,6
2739,7,5,5,4
2740,5,7,3,3
2741,5,3,6,6
2742,8,6,7,6
2743,8,8,7,6
2745,7,5,7,8
2746,7,6,8,8
2747,6,7,6,4
2748,3,5,5,4
2749,4,6,2,4
2750,7,6,3,2
2751,7,7,9,7
2752,2,2,3,2
2753,7,7,5,5
2755,6,7,8,8
2756,6,6,6,2
2757,5,6,5,5
2758,4,4,7,7
2759,3,5,5,6
2760,9,8,4,4
2761,7,7,2,5
2762,6,6,7,5
2763,6,3,4,5
2765,6,5,2,2
2766,6,2,0,1
2767,4,3,3,2
2768,6,5,7,5
2769,6,8,6,7
2770,3,3,7,6
2771,4,4,4,5
2772,7,5,3,1
2773,6,5,8,3
2774,3,4,3,4
2775,5,5,5,5
2776,5,6,5,3
2777,5,5,9,7
2778,4,3,2,3
2779,3,4,6,3
2780,9,8,6,6
2781,6,8,5,5
2782,7,7,4,5
2783,2,1,6,6
2785,5,5,4,4
2786,5,4,3,2
2787,2,2,6,5
2788,8,6,4,5
2789,8,6,7,7
2790,4,4,6,6
2791,3,4,5,5
2792,5,4,4,4
2793,2,3,5,4
2795,8,7,8,6
2796,2,3,8,7
2797,1,1,1,1
2798,6,7,7,8
2799,5,6,4,3
2800,3,3,8,7
2801,5,5,7,6
2802,5,5,6,7
2803,7,7,5,4
2805,6,3,2,2
2806,3,4,4,7
2807,1,1,1,1
2808,4,5,5,5
2809,6,7,6,6
2810,6,7,9,9
2811,8,6,5,5
2812,5,4,4,2
2813,4,6,5,4
2815,9,9,3,2
2816,6,6,3,3
2817,3,3,6,7
2818,6,9,7,7
2819,5,5,6,5
2820,5,4,7,5
2821,5,5,7,5
2822,5,6,7,6
2823,2,2,4,5
2824,3,4,3,4
2825,6,4,6,3
2826,4,3,5,4
2827,3,3,2,2
2828,3,3,5,3
2829,4,4,3,5
2830,4,4,3,3
2831,4,4,3,4
2832,6,6,6,7
2833,6,6,6,4
2835,5,3,4,4
2836,3,6,5,4
2837,5,5,4,4
2838,3,2,3,4
2839,1,1,1,1
2840,3,5,6,5
2841,4,6,4,4
2842,6,7,3,1
2843,6,6,5,5
2845,4,3,6,4
2846,4,4,5,6
2847,5,4,6,7
2848,4,3,3,4
2849,5,3,6,4
2850,5,3,7,6
2851,7,6,5,7
2852,6,7,5,6
2853,7,6,5,4
2855,4,4,3,2
2856,4,2,5,3
2857,4,4,5,6
2858,5,3,6,6
2859,5,4,5,4
2860,6,6,3,4
2861,5,4,3,2
2862,3,4,4,2
2863,6,5,5,3
2864,2,8,7,6
2865,4,3,5,6
2866,2,3,2,6
2867,5,4,8,8
2868,6,3,2,1
2869,3,3,6,5
2870,3,3,7,6
2871,4,4,5,6
2872,4,4,4,4
2873,4,2,5,4
2875,4,5,5,7
2876,3,4,4,4
2877,5,5,5,7
2878,7,5,4,2
2879,4,4,8,6
2880,6,6,7,6
2881,3,4,7,7
2882,4,2,8,8
2883,7,3,4,4
2884,7,6,7,7
2885,3,4,6,5
2886,5,3,5,4
2887,5,3,5,4
2888,4,5,6,7
2889,7,6,6,5
2890,3,4,6,6
2891,4,3,2,2
2892,6,4,8,9
2893,4,4,4,5
2895,4,4,7,6
2896,6,5,4,3
2897,5,2,4,3
2898,5,6,3,4
2899,4,5,7,6
2900,6,4,5,4
2901,5,6,7,6
2902,3,2,5,4
2903,4,5,4,3
2905,6,2,2,2
2906,4,3,7,4
2907,2,4,4,4
2908,2,6,6,5
2909,2,4,4,7
2910,2,4,3,1
2911,2,7,5,4
2912,2,6,5,7
2913,2,7,7,7
2915,2,4,6,4
2916,2,7,6,6
2917,2,6,6,7
2918,1,5,5,5
2919,2,5,4,4
2920,2,4,4,3
2921,2,5,5,5
2922,2,4,5,5
2923,1,5,6,6
2925,1,3,5,4
2926,1,1,1,1
2927,1,3,5,4
2928,1,1,4,4
2929,1,1,3,3
2930,1,1,6,6
2931,1,1,5,4
2932,1,1,5,3
2933,1,1,2,7
2935,1,1,2,6
2936,1,1,1,1
2937,1,1,2,7
2938,1,1,2,6
2939,,1,1,1
2940,0,1,2,2
2941,0,1,1,1
2942,0,1,2,2
2943,0,1,2,2
2945,,1,1,1
2946,,1,1,1
2947,,1,1,1
2948,,1,1,1
2949,,1,1,1
2950,,1,1,1
2951,,,1,1
2952,,,1,1
2953,,,1,1
2955,,,1,1
2956,,,1,1
2957,,,,1
2958,,1,1,1
2959,,,,1
2960,,,1,1
2961,,,,1
2962,,,,1
2966,,,1,1
3816,,,,1
200054,3,2,1,1
200152,1,2,1,2
200160,2,2,0,0
200168,0,1,1,1
200468,2,3,1,0
200512,0,3,3,2
200706,3,2,3,2
200771,3,2,2,2
200986,2,1,0,2
200992,2,2,3,3
300001,7,5,4,3
300002,4,5,3,2
300003,4,6,6,7
300004,7,3,5,7
300005,4,3,5,5
300006,8,7,5,7
300007,5,3,7,6
300008,2,1,3,4
300009,10,7,5,4
300010,5,3,3,3
300011,6,3,7,7
300012,6,6,9,8
300013,2,3,6,5
300014,3,6,5,7
300015,7,8,6,6
300016,6,7,8,7
300017,2,4,6,8
300018,6,3,5,6
300019,6,8,8,8
300020,6,5,2,4
300021,4,5,6,7
300022,5,7,5,3
300023,2,1,1,1
300024,3,4,6,5
300025,5,7,7,8
300026,7,6,6,5
300027,5,5,3,2
300028,8,4,0,1
300029,4,3,3,2
300030,9,5,5,6
300031,9,7,4,3
300032,5,4,5,6
300033,6,7,6,5
300034,8,7,6,5
300035,6,6,6,6
300036,6,4,5,5
300037,5,5,7,8
300038,7,8,8,5
300039,5,6,5,4
300040,5,4,5,5
300041,7,4,5,5
300042,7,7,7,7
300043,7,5,3,6
300044,6,5,3,3
300045,6,5,6,5
300046,8,8,4,7
300047,8,8,3,4
300048,6,5,7,6
300049,8,6,5,6
300050,5,4,4,4
300051,5,2,5,5
300052,6,4,3,3
300053,5,5,4,3
300054,7,6,6,3
300055,6,3,3,4
300056,7,2,2,3
300057,6,6,4,3
300058,7,6,6,6
300059,3,3,1,1
300061,6,3,4,3
300062,7,6,6,7
300063,9,4,7,6
300064,7,6,6,6
300065,7,5,6,5
300066,7,6,6,6
300067,6,6,6,5
300068,3,3,3,3
300069,3,3,4,4
300070,4,3,2,2
300071,4,4,4,5
300072,6,7,3,3
300073,5,3,8,7
300074,3,6,9,6
300075,5,5,8,7
300076,7,7,2,3
300077,4,3,1,0
300078,4,2,7,7
300079,3,3,5,5
300080,7,6,4,6
300081,7,7,3,3
300082,7,8,8,9
300083,3,1,3,1
300084,4,8,3,1
300085,5,6,3,6
300086,6,5,5,6
300087,3,4,6,6
300088,5,6,9,8
300089,7,8,3,3
300090,3,2,1,2
300091,5,3,6,5
300092,7,4,5,7
300093,9,5,4,4
300094,8,8,4,4
300095,5,3,7,6
300096,6,9,5,8
300097,5,5,3,2
300098,6,6,3,1
300099,6,6,2,3
300100,5,4,6,5
300101,2,3,6,6
300102,4,4,3,0
300103,3,4,3,4
300104,0,2,1,3
300105,5,6,2,3
300106,6,9,6,7
300107,8,8,6,6
300108,5,5,3,2
300109,4,4,4,4
300110,6,5,9,8
300111,5,1,7,6
300112,7,7,5,6
300113,8,7,4,4
300114,7,7,5,4
300115,5,7,8,9
300116,4,1,3,2
300117,6,4,8,7
300118,4,5,5,6
300119,7,8,5,6
300120,6,6,4,3
300121,6,6,5,7
300122,6,6,7,6
300123,8,6,8,7
300124,5,3,4,2
300125,8,7,6,7
300126,3,2,5,5
300127,5,5,3,3
300128,0,1,6,6
300129,3,3,4,5
300130,6,7,7,8
300131,9,6,9,6
300132,5,7,2,3
300133,7,4,2,3
300134,7,7,7,7
300135,4,8,8,9
300136,5,5,4,6
300137,7,5,5,8
300138,3,4,6,4
300139,6,7,3,3
300140,3,2,6,7
300141,3,5,3,4
300142,7,7,7,7
300143,3,2,4,8
300144,5,5,8,7
300145,4,4,5,2
300146,4,3,4,8
300147,9,7,8,5
300148,6,1,5,5
300149,3,3,7,5
300150,9,8,4,3
300151,6,4,7,7
300152,1,1,5,5
300153,5,4,4,4
300154,6,6,6,6
300155,5,5,7,6
300156,2,3,1,1
300157,6,6,1,5
300158,5,3,7,8
300159,5,3,6,5
300160,5,5,7,8
300161,5,6,6,7
300162,4,2,6,5
300163,1,0,6,7
300164,8,5,2,2
300165,6,5,7,6
300166,7,5,4,5
300167,3,2,5,6
300168,8,5,4,4
300169,5,8,6,7
300170,5,5,4,2
300171,6,4,4,2
300172,7,7,6,5
300173,5,2,5,6
300174,5,7,4,4
300175,3,3,5,6
300176,7,5,1,3
300177,6,5,3,3
300178,7,5,3,3
300179,4,5,8,8
300180,7,5,4,4
300181,5,4,4,8
300182,4,4,4,4
300183,3,7,4,4
300184,7,6,4,6
300185,8,7,6,6
300187,5,2,7,6
300188,6,7,4,2
300189,7,6,4,0
300190,7,6,6,5
300191,7,5,4,5
300192,6,10,9,9
300193,6,8,7,6
300194,5,2,5,7
300195,6,6,4,2
300196,6,7,8,8
300197,5,4,3,1
300198,4,2,6,6
300199,5,3,4,2
300200,9,7,7,6
300201,5,5,4,5
300202,4,3,6,6
300203,8,7,3,3
300204,5,5,5,5
300205,4,6,4,6
300206,7,7,7,6
300207,6,4,6,5
300208,4,2,3,2
300209,3,4,5,6
300210,6,3,2,2
300211,6,6,7,7
300212,7,7,6,6
300213,4,6,6,6
300214,7,5,7,6
300215,6,6,8,9
300216,3,4,4,4
300217,6,5,5,4
300218,7,7,8,5
300219,7,8,3,3
300220,4,8,5,8
300221,6,2,6,6
300222,3,3,4,4
300223,6,5,5,5
300224,6,4,4,5
300225,4,5,7,7
300226,10,8,6,4
300227,6,6,4,3
300228,3,6,7,7
300229,5,4,6,5
300230,8,7,7,6
300231,4,4,3,2
300232,1,6,9,9
300233,8,6,7,7
300234,3,3,5,5
300235,6,4,7,6
300236,3,4,5,4
300237,5,5,4,3
300238,4,7,6,5
300239,5,7,4,4
300240,4,5,4,5
300241,8,6,5,5
300242,4,1,5,7
300243,7,6,5,5
300244,5,5,6,8
300245,5,8,5,4
300246,3,4,5,4
300247,7,3,5,5
300248,9,7,7,6
300249,5,3,5,6
300250,7,2,5,6
300251,7,6,6,4
300252,7,8,5,5
300253,5,5,9,8
300254,6,6,7,5
300255,7,7,10,7
300256,5,0,3,3
300257,3,2,4,5
300258,7,4,4,3
300259,6,5,5,5
300260,3,4,6,8
300261,9,7,5,5
300262,3,4,3,5
300263,6,5,6,7
300264,6,9,3,2
300265,2,4,7,7
300266,3,0,3,3
300267,4,4,4,6
300268,5,6,1,2
300269,6,3,3,3
300270,3,4,8,6
300271,7,8,6,4
300272,9,9,4,3
300273,7,6,6,4
300274,6,5,5,6
300275,7,4,5,5
300276,6,7,7,4
300277,3,7,6,7
300278,6,6,0,1
300279,4,2,5,5
300280,6,5,5,5
300281,8,5,3,3
300282,6,5,4,4
300283,7,6,4,5
300284,6,5,8,8
300285,10,10,7,7
300286,4,6,6,6
300287,6,1,4,6
300288,3,6,4,4
300289,9,5,5,5
300290,6,5,7,7
300291,2,2,7,4
300292,4,1,4,3
300293,8,7,5,5
300294,4,5,10,8
300295,3,4,1,3
300296,8,7,5,4
300297,4,5,4,5
300298,3,3,6,5
300299,7,9,5,5
300300,5,4,6,5
300301,5,1,4,4
300302,6,5,3,3
300303,5,5,5,5
300304,5,3,2,1
300305,4,6,6,7
300306,7,3,6,6
300307,5,5,2,3
300308,5,6,4,4
300309,1,1,2,2
300310,3,2,4,5
300311,7,4,5,4
300312,2,1,2,4
300313,2,2,5,4
300314,5,4,4,6
300315,7,3,5,5
300316,9,10,6,4
300317,6,3,3,6
300318,7,5,5,5
300319,8,5,4,3
300320,4,4,7,7
300321,6,7,8,4
300322,9,7,6,7
300323,6,6,3,1
300324,6,6,3,4
300325,5,4,2,4
300326,3,3,8,9
300327,9,9,5,4
300328,6,5,6,6
300329,7,5,4,3
300330,4,2,4,5
300331,4,2,3,3
300332,6,6,5,6
300333,4,3,4,4
300334,6,8,3,3
300335,4,5,3,4
300336,9,7,3,4
300337,6,3,3,4
300338,6,8,6,7
300339,6,4,6,6
300340,3,4,5,5
300341,5,5,8,9
300342,4,3,3,8
300343,4,2,4,4
300344,8,10,5,4
300345,3,2,5,8
300346,8,6,2,3
300347,6,7,5,5
300348,6,4,4,3
300349,7,8,6,5
300350,5,1,4,3
300351,5,2,4,3
300352,8,7,5,3
300353,3,4,5,4
300354,6,8,7,7
300355,6,4,4,2
300356,9,7,4,5
300357,6,4,3,3
300358,6,4,6,6
300359,6,4,6,5
300360,6,5,8,7
300362,4,3,3,3
300363,5,5,9,8
300364,5,3,4,3
300365,6,6,4,3
300366,6,2,2,3
300367,7,4,4,4
300368,6,5,4,1
300369,7,9,7,5
300370,5,0,7,5
300371,8,6,4,6
300372,1,1,1,1
300373,6,5,6,5
300374,7,5,3,5
300375,5,4,3,2
300376,8,6,3,2
300377,7,6,6,7
300378,6,4,6,7
300379,6,6,6,5
300380,3,4,7,8
300381,5,4,10,8
300382,4,3,3,4
300383,8,6,7,8
300384,5,5,5,6
300385,6,5,6,5
300386,5,5,4,4
300387,5,3,7,8
300388,6,7,4,3
300389,8,6,5,4
300390,7,4,5,5
300391,7,7,4,3
300392,0,4,5,7
300393,7,5,5,4
300394,3,2,6,7
300395,6,6,8,4
300396,6,7,7,7
300397,2,2,5,6
300398,9,7,4,5
300399,1,8,5,4
300400,6,4,4,3
300401,7,8,5,5
300402,7,6,6,5
300403,4,4,5,3
300404,7,7,3,3
300405,3,3,5,5
300406,4,7,6,5
300407,4,3,7,7
300408,9,8,3,3
300409,7,6,4,4
300410,5,5,2,2
300411,6,4,7,8
300412,3,3,6,5
300413,5,6,3,3
300414,7,9,7,7
300415,2,5,4,7
300416,5,2,5,4
300417,4,4,6,6
300418,6,7,4,4
300419,4,3,5,5
300420,7,6,4,3
300421,6,4,5,5
300422,5,3,4,4
300423,6,5,6,5
300424,2,1,6,7
300425,9,6,3,4
300426,4,0,0,2
300427,6,7,5,5
300428,5,4,4,4
300429,5,4,7,5
300430,7,7,2,4
300431,2,2,0,1
300432,2,1,5,7
300433,5,4,2,4
300434,10,8,9,8
300435,6,4,3,3
300436,5,5,5,5
300437,6,5,3,3
300438,6,3,4,5
300439,5,4,6,6
300440,6,4,4,4
300441,6,5,5,4
300442,4,0,3,3
300443,5,5,6,7
300444,6,4,5,4
300445,8,7,8,7
300446,5,5,4,5
300447,5,3,7,5
300448,5,6,5,5
300449,5,3,6,5
300450,5,5,6,9
300451,5,5,9,8
300452,8,7,6,6
300453,4,3,4,4
300454,1,1,3,4
300455,8,5,6,5
300456,6,8,4,5
300457,6,5,6,7
300458,5,6,5,5
300459,7,7,7,6
300460,7,3,5,5
300461,6,6,3,1
300462,7,5,4,5
300463,6,4,6,6
300464,5,4,5,6
300465,6,7,6,8
300466,7,4,5,6
300467,4,4,6,4
300468,3,5,8,8
300469,5,6,5,4
300470,4,5,6,9
300471,2,1,4,5
300472,6,6,6,5
300473,4,3,3,4
300474,6,4,4,4
300475,6,6,7,6
300476,6,6,3,2
300477,3,3,4,3
300478,4,3,6,5
300479,2,3,5,6
300480,5,5,5,7
300481,6,5,9,8
300482,5,3,7,7
300483,5,3,7,5
300484,4,4,4,1
300485,5,5,4,4
300486,4,5,5,4
300487,5,4,7,7
300488,7,5,5,3
300489,4,5,3,4
300490,2,5,4,6
300491,6,5,6,6
300492,6,6,6,6
300493,4,4,7,7
300494,4,5,4,3
300495,5,6,3,3
300496,7,8,7,5
300497,7,3,5,5
300498,4,3,5,8
300499,6,3,3,3
300500,3,3,6,7
300501,5,4,4,2
300502,4,3,6,8
300503,3,1,3,4
300504,1,3,7,5
300505,4,4,7,3
300506,2,6,7,6
300507,5,4,2,5
300508,5,2,3,3
300509,4,3,6,4
300510,4,2,7,4
300511,6,8,8,7
300512,6,6,5,5
300513,5,3,4,4
300514,4,4,5,3
300515,7,5,8,5
300516,4,4,6,7
300517,5,5,6,7
300518,6,4,5,5
300519,3,3,4,4
300520,7,7,3,5
300521,5,4,5,2
300522,6,4,7,7
300523,7,3,2,3
300525,7,5,3,3
300526,4,5,2,4
300527,7,2,5,6
300528,6,4,4,1
300529,8,8,8,7
300530,4,6,5,4
300531,4,4,6,4
300532,4,2,3,4
300533,5,5,8,8
300534,5,5,4,2
300535,3,3,5,4
300536,4,5,4,4
300537,6,4,6,5
300538,6,5,4,3
300539,5,3,4,2
300540,3,1,5,6
300541,6,7,5,5
300542,2,2,5,5
300543,7,6,6,4
300545,6,7,4,3
300546,1,6,5,9
300547,6,5,4,4
300548,4,2,4,4
300549,7,5,5,4
300550,2,2,5,6
300551,4,4,4,4
300552,1,2,5,5
300553,6,4,5,3
300554,5,2,3,1
300555,5,2,4,4
300556,4,3,5,4
300557,3,4,2,3
300558,1,2,6,6
300559,5,5,6,7
300560,3,4,2,3
300561,4,4,7,7
300562,4,4,5,4
300563,7,7,5,6
300565,4,2,2,0
300566,4,4,3,5
300567,3,2,3,2
300568,3,4,3,3
300569,3,3,6,7
300570,6,5,8,7
300571,7,6,5,3
300572,8,8,6,6
300573,4,4,5,5
300575,5,5,7,6
300576,5,5,5,3
300577,3,5,5,4
300578,6,4,4,3
300579,5,4,6,5
300580,4,5,4,4
300581,3,4,6,5
300582,6,7,6,7
300583,7,6,4,4
300584,6,6,6,5
300585,4,4,3,5
300586,3,5,4,5
300587,4,2,3,2
300588,2,1,5,5
300589,3,3,4,6
300590,6,7,5,5
300591,7,9,4,4
300592,4,3,4,4
300593,4,3,5,6
300594,,,1,1
300595,7,7,8,8
300596,6,6,3,2
300597,4,6,4,4
300598,4,5,4,4
300599,9,7,9,8
300600,4,4,3,4
300601,7,7,6,9
300602,7,6,6,5
300603,4,5,5,5
300604,4,2,2,2
300605,5,4,6,7
300606,5,5,3,4
300607,4,3,7,7
300608,3,6,1,4
300609,7,6,5,5
300610,6,6,6,4
300611,4,3,5,4
300612,3,5,5,4
300613,4,4,5,5
300615,5,3,6,5
300616,6,4,5,3
300617,5,5,4,4
300618,7,5,4,3
300619,5,5,5,4
300620,5,3,3,2
300621,5,3,6,5
300622,5,5,4,5
300623,6,4,3,5
300624,1,3,4,2
300625,4,4,4,5
300626,3,2,4,3
300627,5,4,4,7
300628,6,5,7,7
300629,3,5,2,1
300630,6,6,6,6
300631,5,5,4,2
300632,6,3,5,6
300633,6,4,2,2
300634,1,1,3,6
300635,4,3,3,5
300636,4,4,5,4
300637,8,5,4,3
300638,4,4,7,6
300639,6,6,6,5
300640,4,4,7,8
300641,3,3,2,1
300642,5,4,5,6
300643,4,3,8,2
300644,1,1,6,6
300645,3,3,2,4
300647,3,2,6,7
300648,5,2,4,2
300649,6,6,5,3
300650,5,5,7,4
300651,5,2,6,7
300652,5,2,3,5
300653,6,4,7,7
300654,6,5,9,6
300655,4,5,4,2
300656,6,4,5,4
300657,2,5,5,5
300658,3,3,7,5
300659,3,4,4,7
300660,4,3,5,6
300661,5,6,5,6
300662,6,5,5,7
300663,2,2,5,4
300664,1,4,5,7
300665,3,1,5,5
300666,3,3,7,5
300667,4,4,3,3
300668,7,5,3,3
300669,6,4,6,5
300670,3,2,5,4
300671,5,4,1,4
300672,3,4,2,2
300673,5,4,4,3
300674,0,1,2,2
300675,3,4,1,2
300676,4,4,4,4
300677,4,4,3,4
300678,7,7,6,2
300679,5,3,4,5
300680,3,2,6,6
300681,4,4,2,4
300682,1,2,7,6
300683,4,3,4,2
300684,2,7,2,5
300685,6,4,2,3
300686,3,2,5,5
300687,4,3,5,2
300688,5,4,7,4
300689,4,5,4,4
300690,5,2,6,5
300691,6,5,4,5
300692,3,3,2,4
300693,6,4,4,4
300694,0,1,2,2
300695,6,5,4,4
300696,8,5,4,5
300697,7,5,6,7
300698,3,2,5,5
300699,7,5,6,6
300700,3,4,4,3
300701,4,5,4,4
300702,5,4,8,8
300703,6,5,6,6
300705,5,4,6,3
300706,3,4,5,4
300707,6,5,5,4
300708,1,3,5,5
300709,4,4,6,5
300710,4,3,5,3
300711,2,4,3,3
300712,2,4,3,3
300713,2,3,3,2
300715,2,6,3,4
300716,1,4,6,5
300717,2,5,4,3
300718,2,4,7,7
300719,1,4,5,5
300720,2,6,9,5
300721,2,3,3,2
300722,2,7,5,5
300723,2,6,10,7
300724,1,1,4,6
300725,2,5,3,3
300726,2,5,7,6
300727,2,5,6,7
300729,2,6,4,3
300730,2,5,4,4
300731,2,4,3,3
300732,2,5,3,2
300733,1,3,4,3
300735,2,7,7,4
300736,1,2,3,2
300737,1,3,6,7
300738,1,2,5,3
300739,1,3,5,5
300740,1,1,5,4
300741,1,1,6,5
300742,0,1,4,2
300743,1,1,5,2
300745,1,1,4,5
300746,1,1,4,2
300747,1,1,3,3
300748,1,1,2,3
300749,1,1,1,6
300750,1,1,6,3
300751,0,1,2,2
300752,0,1,2,2
300753,0,1,2,2
300755,,1,1,1
300756,0,1,2,2
300757,,1,1,1
300758,,1,1,1
300759,,1,1,1
300760,1,1,2,4
300761,,1,1,1
300762,,,0,1
300763,,,1,1
300765,,,1,1
300766,,,1,1
300767,,,1,1
300768,,,1,1
300769,,,1,1
300770,,,1,1
300771,,,1,1
300772,,,1,1
300773,,,1,1
300775,,,1,1
300776,,,1,1
300777,,,1,1
300778,,,1,1
300779,,,1,1
300780,,,1,1
300781,,,1,1
300782,,,1,1
300783,,,1,1
300785,,,1,1
300786,,,1,1
300787,,,1,1
300788,,,1,1
300789,,,,1
300790,,,,1
300791,,,,1
300792,,,,1
300793,,,,1
300795,,,,1
600000,1,1,1,1
600004,5,5,6,4
600005,1,1,1,1
600006,8,7,4,5
600007,7,6,7,8
600008,4,4,7,6
600009,6,6,7,5
600010,7,7,7,5
600011,5,6,7,7
600012,6,3,4,3
600015,1,1,1,1
600016,1,1,1,1
600017,7,7,3,4
600018,4,5,5,9
600019,6,9,6,6
600020,6,6,8,8
600021,4,4,4,6
600022,6,5,7,6
600023,5,6,7,7
600025,2,7,9,8
600026,5,4,7,6
600027,6,6,9,8
600028,7,6,5,5
600029,6,4,5,6
600030,1,1,1,1
600031,7,8,9,8
600033,7,9,9,6
600035,7,7,8,8
600036,1,1,1,1
600037,5,4,5,4
600038,8,7,9,7
600039,6,5,5,7
600048,6,6,8,6
600050,9,9,7,7
600051,6,5,4,3
600052,7,5,10,7
600053,2,3,3,3
600054,8,6,7,6
600055,9,9,6,6
600056,5,4,6,4
600057,8,6,5,5
600058,5,5,7,5
600059,8,7,4,7
600060,3,3,5,5
600061,2,1,1,1
600062,6,6,4,5
600063,8,8,8,8
600064,7,4,4,6
600066,4,5,8,8
600067,5,6,7,6
600068,5,6,3,3
600069,7,1,1,2
600070,8,6,5,5
600071,5,2,2,2
600072,5,6,7,6
600073,7,5,7,5
600074,3,3,4,4
600075,4,4,5,5
600076,6,5,8,5
600077,8,7,3,3
600078,5,5,7,8
600079,9,5,5,7
600080,5,4,8,5
600081,6,4,4,6
600082,10,6,8,8
600083,5,1,5,5
600084,0,1,8,8
600085,7,5,6,4
600086,4,3,2,2
600088,7,6,6,5
600089,3,4,4,5
600090,3,3,4,3
600091,7,7,7,6
600093,8,5,2,2
600094,6,7,9,7
600095,5,6,6,6
600096,9,6,6,5
600097,8,3,4,4
600098,7,6,5,5
600099,5,5,3,4
600100,4,3,7,6
600101,6,8,7,6
600103,8,8,4,3
600104,6,4,5,5
600105,5,4,3,4
600106,5,4,7,8
600107,6,6,6,6
600108,5,4,5,5
600109,1,1,1,1
600110,6,4,4,5
600111,6,6,7,8
600112,7,7,2,1
600113,8,7,6,5
600114,7,5,3,3
600115,8,5,5,5
600116,6,5,5,5
600117,6,2,6,7
600118,7,4,4,2
600119,2,1,2,5
600120,1,3,2,2
600121,6,5,4,3
600122,5,1,2,3
600123,8,7,4,4
600125,6,7,7,7
600126,6,7,5,5
600127,6,4,6,8
600128,5,3,6,5
600129,6,5,7,5
600130,6,4,5,4
600131,9,8,7,7
600132,8,7,6,6
600133,6,5,5,5
600135,2,6,3,5
600136,3,4,6,5
600137,8,8,6,4
600138,6,5,4,4
600139,8,5,4,5
600141,8,7,5,3
600143,8,6,4,4
600145,5,4,2,1
600146,3,1,3,5
600148,7,8,2,4
600149,4,5,8,5
600150,7,6,3,4
600151,6,8,5,6
600152,8,5,2,2
600153,5,8,6,4
600155,2,2,2,2
600156,6,5,5,4
600157,4,4,4,4
600158,7,6,2,2
600159,5,7,7,6
600160,5,7,3,5
600161,7,7,7,5
600162,4,3,7,5
600163,6,4,2,3
600165,4,3,3,3
600166,2,4,8,8
600167,6,7,4,5
600168,4,5,3,3
600169,6,6,6,7
600170,8,8,4,3
600171,5,7,5,5
600172,6,2,1,4
600173,8,8,4,4
600175,4,1,2,3
600176,6,5,2,2
600177,4,6,6,9
600178,7,3,2,4
600179,4,5,4,3
600180,6,6,3,4
600182,7,8,7,6
600183,7,8,4,4
600184,6,6,6,6
600185,5,4,8,6
600186,3,2,5,6
600187,5,4,7,5
600188,6,8,8,8
600189,7,5,6,7
600190,7,7,4,6
600191,3,4,8,8
600192,8,4,4,4
600193,6,9,6,6
600195,6,6,4,4
600196,3,6,7,7
600197,8,8,5,3
600198,7,9,7,4
600199,5,6,3,2
600200,6,4,2,5
600201,6,6,3,4
600202,8,9,6,6
600203,3,4,7,7
600206,7,7,6,5
600207,5,2,5,5
600208,5,4,7,7
600209,2,7,7,6
600210,5,6,6,6
600211,8,6,7,8
600212,0,1,1,2
600213,8,6,5,5
600215,5,5,5,6
600216,8,8,6,4
600217,8,8,7,5
600218,4,4,3,5
600219,8,6,4,5
600220,7,5,4,3
600221,5,5,4,4
600222,9,5,7,6
600223,5,5,7,6
600225,5,4,0,3
600226,7,6,7,6
600227,9,8,3,4
600228,9,8,3,5
600229,4,5,8,7
600230,6,3,6,3
600231,10,7,4,4
600232,6,4,5,4
600233,6,4,4,3
600234,5,3,7,7
600235,6,4,3,4
600236,5,4,6,8
600237,5,6,3,4
600238,3,7,5,3
600239,8,4,4,3
600240,6,3,1,1
600241,6,5,6,4
600242,5,6,7,7
600243,2,2,3,6
600246,6,6,4,5
600247,6,5,2,2
600248,7,9,6,6
600249,7,9,6,4
600250,4,6,6,7
600251,7,6,6,9
600252,6,6,6,6
600255,9,4,4,3
600256,6,7,6,7
600257,4,6,4,5
600258,8,8,6,5
600259,2,2,6,7
600260,8,5,8,8
600261,7,5,8,7
600262,5,8,3,2
600265,3,6,8,7
600266,8,6,6,6
600267,5,4,5,7
600268,7,7,5,5
600269,7,6,6,6
600270,7,0,1,0
600271,5,8,7,6
600272,8,4,2,1
600273,7,8,6,6
600275,7,8,4,3
600276,3,6,9,9
600277,7,5,4,4
600278,7,7,6,6
600279,7,7,3,5
600280,4,4,6,2
600281,3,2,2,1
600282,9,10,7,6
600283,4,4,3,5
600284,3,6,5,6
600285,5,8,8,7
600287,8,6,5,4
600288,9,6,6,7
600289,3,5,6,5
600290,4,3,4,5
600291,1,1,0,0
600292,7,6,7,6
600293,7,4,6,3
600295,9,9,6,6
600297,7,7,5,7
600298,6,6,2,5
600299,6,4,5,3
600300,6,4,5,5
600301,6,6,8,5
600302,3,9,6,4
600303,5,2,3,5
600305,9,7,8,10
600306,3,3,4,4
600307,8,8,8,8
600308,9,8,4,4
600309,9,4,5,4
600310,6,5,5,6
600311,3,1,2,3
600312,0,3,6,9
600313,8,7,6,4
600315,4,8,7,7
600316,3,4,5,3
600317,8,7,7,9
600318,2,2,3,3
600319,6,5,5,8
600320,5,6,5,5
600321,7,8,5,5
600322,6,6,6,5
600323,6,5,2,1
600325,6,4,6,7
600326,7,10,6,6
600327,8,6,4,5
600328,8,8,6,6
600329,6,7,8,9
600330,5,7,2,3
600331,6,2,5,5
600332,5,5,6,6
600333,3,6,6,7
600335,7,7,6,4
600336,7,7,5,5
600337,7,4,5,7
600338,4,4,4,4
600339,4,6,5,6
600340,8,7,5,6
600343,6,4,7,6
600345,5,5,7,6
600346,4,3,7,7
600348,6,7,7,8
600350,3,3,2,4
600351,10,7,5,6
600352,8,9,7,8
600353,6,8,6,6
600354,5,5,2,2
600355,5,5,3,4
600356,5,5,5,3
600358,4,4,5,5
600359,6,4,5,4
600360,8,7,3,3
600361,6,6,6,5
600362,4,5,4,5
600363,6,4,3,4
600365,6,5,7,8
600366,6,5,2,3
600367,9,7,3,2
600368,7,5,6,6
600369,1,1,1,1
600370,5,8,7,5
600371,8,3,5,5
600372,6,6,7,4
600373,3,4,4,4
600375,6,4,5,6
600376,7,5,7,7
600377,7,5,5,4
600378,8,6,6,4
600379,8,4,5,5
600380,6,4,8,8
600381,4,3,3,3
600382,8,8,5,6
600383,7,5,7,6
600385,1,2,4,1
600386,4,3,6,5
600387,7,8,7,7
600388,2,3,4,3
600389,9,8,4,3
600390,3,2,2,2
600391,6,2,5,6
600392,6,6,5,4
600393,4,4,3,7
600395,6,5,8,6
600396,5,5,6,5
600397,7,8,5,3
600398,5,5,7,8
600399,3,7,8,8
600400,5,4,4,4
600401,3,2,0,0
600403,5,7,6,4
600405,5,2,5,5
600406,6,6,4,4
600408,7,8,5,7
600409,8,6,6,7
600410,6,4,5,6
600415,6,7,5,5
600416,4,3,4,4
600418,3,2,8,8
600419,3,3,3,5
600420,7,8,5,4
600421,1,1,2,3
600422,6,5,7,7
600423,7,8,6,5
600425,8,5,7,6
600426,8,10,7,7
600428,7,6,6,7
600429,3,4,8,8
600432,1,1,1,1
600433,7,7,7,8
600435,7,9,4,5
600436,8,6,5,5
600438,6,5,6,6
600439,6,4,5,4
600444,5,4,1,3
600446,9,5,5,4
600448,6,8,7,6
600449,7,6,5,6
600452,3,7,7,5
600455,8,8,6,5
600456,8,7,4,4
600458,7,4,3,2
600459,7,6,7,7
600460,5,3,2,2
600461,5,7,7,6
600462,3,2,5,5
600463,1,3,4,6
600466,6,5,7,6
600467,8,5,6,4
600468,4,5,5,4
600469,7,6,7,6
600470,5,2,5,4
600475,4,4,5,4
600476,2,3,4,4
600477,5,4,5,3
600478,8,8,3,3
600479,9,7,7,6
600480,4,4,2,4
600481,7,6,5,5
600482,4,3,6,6
600483,5,3,8,10
600485,3,4,2,1
600486,7,8,4,6
600487,5,6,2,3
600488,7,7,6,5
600489,5,5,7,7
600490,6,6,6,5
600491,4,3,3,2
600493,5,3,3,2
600495,5,5,5,5
600496,6,7,7,8
600497,8,6,3,4
600498,5,6,4,3
600499,6,3,7,6
600500,7,9,5,7
600501,4,4,1,3
600502,4,5,4,6
600503,5,5,3,3
600505,3,3,3,4
600506,1,2,2,4
600507,8,8,4,3
600508,7,7,3,3
600509,5,4,2,2
600510,6,7,7,8
600511,7,9,7,3
600512,3,2,6,6
600513,7,4,4,2
600515,5,7,6,6
600516,10,8,3,2
600517,2,3,7,7
600518,5,4,5,4
600519,8,9,5,8
600520,3,4,3,0
600521,3,3,7,4
600522,6,6,3,4
600523,5,4,5,5
600525,5,3,5,5
600526,5,1,6,5
600527,8,6,3,4
600528,7,7,7,5
600529,8,7,6,5
600530,9,3,5,4
600531,4,5,5,7
600532,5,7,3,5
600533,8,7,7,4
600535,5,3,7,7
600536,4,5,3,4
600537,6,7,2,5
600538,7,3,4,4
600539,6,5,6,5
600540,5,5,3,3
600543,5,8,4,3
600545,6,8,6,6
600546,7,7,6,6
600547,6,5,5,6
600548,6,7,7,6
600549,4,5,3,3
600550,5,4,6,7
600551,8,5,7,8
600552,6,5,4,3
600555,5,5,6,4
600556,4,2,2,1
600557,9,7,6,6
600558,7,7,8,6
600559,5,5,6,5
600560,9,6,7,6
600561,5,4,6,3
600562,3,2,3,3
600563,5,5,5,4
600565,5,7,4,4
600566,6,6,5,4
600567,6,8,4,4
600568,5,1,4,4
600569,9,7,4,5
600570,8,7,5,6
600571,7,7,5,5
600572,5,6,3,5
600573,9,6,8,6
600575,6,5,6,6
600576,6,6,5,4
600577,8,6,5,5
600578,5,5,6,7
600579,4,6,5,4
600580,7,6,6,7
600581,3,6,6,5
600582,7,6,6,7
600583,3,4,5,3
600584,4,3,3,3
600585,10,10,7,6
600586,9,7,5,6
600587,6,6,5,5
600588,8,6,6,6
600589,9,10,7,6
600590,6,3,4,5
600592,8,6,6,6
600593,4,4,3,3
600594,6,5,7,6
600595,5,5,6,5
600596,8,7,6,6
600597,5,4,5,5
600598,8,8,4,6
600599,2,1,0,1
600600,5,6,9,7
600601,2,6,4,5
600602,5,5,4,6
600603,5,5,4,4
600604,5,4,5,5
600605,7,6,7,7
600606,8,5,7,6
600608,7,6,5,6
600609,9,6,6,5
600610,3,1,2,1
600611,6,8,4,4
600612,5,3,4,7
600613,7,6,3,3
600614,6,2,2,2
600615,6,5,2,3
600616,5,3,5,4
600617,6,8,2,3
600618,7,6,6,4
600619,5,7,5,7
600620,5,5,5,5
600621,2,1,2,1
600622,3,2,4,4
600623,6,5,3,4
600624,6,5,8,8
600626,7,5,5,6
600628,6,6,5,3
600629,7,3,5,5
600630,4,4,2,1
600633,7,6,5,5
600634,5,2,3,3
600635,5,5,5,7
600636,8,8,4,3
600637,6,3,5,6
600638,6,5,4,4
600639,2,5,5,4
600640,6,4,4,3
600641,6,6,4,4
600642,5,6,1,6
600643,2,2,2,2
600644,6,5,4,6
600645,9,7,7,4
600647,4,4,6,4
600648,8,6,7,5
600649,5,5,4,3
600650,10,9,6,5
600651,4,2,5,4
600652,5,1,4,2
600653,6,8,9,6
600654,4,4,3,3
600655,4,7,8,8
600657,6,7,7,5
600658,5,5,5,3
600660,4,6,1,1
600661,6,3,5,7
600662,5,4,2,3
600663,6,10,7,7
600664,8,8,2,5
600665,8,9,6,5
600666,4,1,5,5
600667,6,6,5,6
600668,9,7,5,5
600671,6,4,6,6
600673,9,10,7,4
600674,7,5,5,4
600675,6,6,7,7
600676,6,5,3,4
600677,7,4,3,3
600678,5,4,4,5
600679,7,8,7,6
600680,5,1,1,1
600681,6,5,5,6
600682,4,4,8,8
600683,4,4,4,4
600684,5,4,5,5
600685,4,4,3,4
600686,6,3,6,4
600687,6,4,2,5
600688,5,5,5,6
600689,5,6,6,5
600690,7,7,6,7
600691,9,7,1,2
600692,6,4,5,3
600693,5,4,3,6
600694,8,7,5,7
600695,3,3,2,2
600696,8,7,5,4
600697,7,6,7,8
600698,3,2,6,10
600699,3,6,6,8
600701,3,2,3,4
600702,7,6,3,2
600703,4,4,4,5
600704,7,9,7,8
600705,1,2,2,2
600706,6,4,6,5
600707,5,8,2,3
600708,5,4,3,4
600710,8,6,6,7
600711,5,4,4,4
600712,4,4,6,6
600713,5,4,4,4
600714,10,9,5,5
600715,4,2,5,3
600716,7,6,6,7
600717,5,5,4,5
600718,5,4,1,1
600719,1,3,4,4
600720,7,7,7,9
600721,7,4,8,8
600722,7,7,4,5
600723,8,7,6,7
600724,7,8,8,8
600725,7,7,3,4
600726,5,6,7,6
600727,8,4,7,7
600728,7,4,7,6
600729,6,5,4,5
600730,4,4,5,6
600731,6,6,8,9
600732,4,6,2,6
600733,4,3,4,3
600734,8,4,1,1
600735,6,3,5,5
600736,7,4,5,6
600737,8,6,2,2
600738,8,7,8,5
600739,5,6,7,8
600740,7,8,4,4
600741,4,6,5,4
600742,6,6,7,6
600743,6,5,6,4
600744,7,8,1,2
600745,4,3,4,5
600746,5,5,3,4
600747,4,1,6,4
600748,7,7,6,6
600749,8,8,7,8
600750,6,4,6,4
600751,6,5,7,6
600753,3,5,5,5
600754,7,6,6,7
600755,7,5,4,2
600756,7,6,2,3
600757,8,6,7,7
600758,7,6,5,4
600759,8,8,5,5
600760,5,6,7,7
600761,8,8,7,6
600763,5,8,6,6
600764,6,8,7,3
600765,8,6,6,8
600766,3,3,2,4
600767,5,6,2,1
600768,4,4,9,8
600769,4,4,6,4
600770,6,6,5,5
600771,6,5,2,2
600773,6,8,4,5
600774,6,8,7,6
600775,6,5,5,5
600776,6,5,4,4
600777,5,6,6,7
600778,7,7,6,8
600779,9,9,7,7
600780,7,7,5,5
600781,6,7,6,6
600782,7,8,5,5
600783,4,4,4,4
600784,7,6,2,3
600785,5,5,7,6
600787,5,6,7,7
600789,5,6,6,6
600790,5,4,6,5
600791,6,7,5,6
600792,9,8,6,6
600793,7,8,4,5
600794,7,9,8,9
600795,7,8,8,8
600796,2,3,5,5
600797,9,7,8,7
600798,9,7,9,8
600800,2,5,4,4
600801,9,9,8,9
600802,9,9,4,4
600803,5,7,6,3
600804,4,3,3,2
600805,9,7,5,5
600806,1,1,1,1
600807,4,7,8,8
600808,10,9,5,4
600809,8,5,4,2
600810,6,8,4,3
600811,7,5,4,5
600812,8,7,8,6
600814,8,5,7,5
600815,5,3,4,3
600816,1,0,1,0
600817,5,5,4,3
600818,5,3,3,3
600819,8,7,8,9
600820,6,4,4,4
600821,5,2,2,1
600822,7,9,4,7
600823,6,5,5,3
600824,7,6,5,4
600825,6,4,3,4
600826,6,5,7,6
600827,6,5,5,4
600828,7,9,7,6
600829,7,7,6,2
600830,5,5,6,5
600831,5,5,5,4
600833,5,5,7,6
600834,4,4,2,5
600835,7,7,7,4
600836,7,6,4,3
600837,1,1,1,1
600838,7,7,5,4
600839,5,5,4,2
600841,6,6,5,4
600843,5,4,3,4
600844,4,4,1,0
600845,8,7,8,7
600846,5,6,5,7
600847,5,3,5,7
600848,5,4,5,6
600850,6,6,2,3
600851,8,8,7,6
600853,6,4,5,5
600854,10,7,6,6
600855,4,6,6,6
600856,4,2,1,2
600857,7,7,5,4
600858,6,3,7,6
600859,7,5,4,4
600860,7,3,4,2
600861,4,5,4,3
600862,6,6,5,4
600863,9,8,6,8
600864,1,2,2,1
600865,8,7,7,6
600866,7,9,6,6
600867,2,3,4,7
600868,5,3,6,6
600869,6,6,4,6
600870,3,6,7,6
600871,8,7,8,8
600872,8,7,3,7
600873,8,5,5,4
600874,4,3,3,3
600875,6,6,8,9
600876,7,5,3,5
600877,5,3,6,5
600879,6,5,3,4
600880,7,4,5,7
600881,7,3,4,4
600882,7,7,5,5
600883,6,7,5,4
600884,4,6,5,5
600885,6,4,5,5
600886,7,7,8,9
600887,7,9,3,4
600888,5,6,2,2
600889,2,4,7,6
600890,3,2,2,2
600891,8,4,4,4
600892,6,4,5,8
600893,7,6,4,5
600894,5,3,5,7
600895,5,5,5,5
600896,7,7,2,1
600897,8,6,9,8
600898,4,5,3,2
600900,10,8,9,7
600901,1,1,1,1
600903,2,6,6,6
600908,1,1,1,1
600909,1,1,1,1
600917,5,4,7,7
600919,1,1,1,1
600926,1,1,1,1
600928,,1,1,1
600929,1,1,6,7
600933,2,4,4,2
600936,3,2,3,3
600939,7,9,8,9
600958,1,1,1,1
600959,2,2,3,3
600960,4,2,4,7
600961,4,4,6,6
600962,5,5,4,4
600963,10,8,3,3
600965,7,4,7,4
600966,3,3,3,4
600967,1,2,6,6
600968,,,1,1
600969,7,6,5,5
600970,7,9,7,8
600971,4,8,8,5
600973,5,5,6,8
600975,4,4,7,6
600976,7,5,7,4
600977,8,7,4,6
600978,8,4,6,6
600979,6,5,6,4
600980,8,6,4,3
600981,7,5,6,4
600982,8,8,3,4
600983,6,7,3,3
600984,7,8,7,6
600985,5,6,6,5
600986,7,7,7,6
600987,4,4,4,5
600988,6,4,8,8
600989,,,1,1
600990,3,8,5,3
600992,5,8,6,3
600993,6,6,5,6
600995,8,7,6,5
600996,2,2,3,3
600997,10,7,7,5
600998,5,5,6,6
600999,1,1,1,1
601000,4,4,7,7
601001,6,5,4,4
601002,3,7,9,7
601003,9,8,6,6
601005,8,10,3,5
601006,6,6,6,7
601007,8,6,5,7
601008,6,7,7,5
601009,1,1,1,1
601010,6,6,5,6
601011,8,8,3,3
601012,6,7,7,6
601015,7,9,5,4
601016,7,7,5,5
601018,6,6,6,8
601019,2,6,6,4
601020,6,4,4,4
601021,5,4,5,6
601028,5,5,2,2
601038,3,3,5,8
601058,8,6,7,4
601066,1,1,1,1
601068,1,1,1,5
601069,3,3,4,5
601086,6,6,4,4
601088,5,7,8,7
601098,5,4,8,5
601099,0,0,1,1
601100,9,10,6,8
601101,6,8,7,4
601106,7,7,4,7
601107,6,4,8,9
601108,1,1,1,1
601111,5,7,7,7
601113,6,6,6,7
601116,4,4,5,5
601117,6,6,8,8
601118,5,4,8,6
601126,8,4,6,7
601127,6,5,3,2
601128,1,1,1,1
601137,8,6,5,2
601138,1,1,7,5
601139,5,8,3,6
601155,7,6,5,4
601158,7,6,3,3
601162,,1,1,1
601163,7,7,7,6
601166,1,1,1,1
601168,6,3,4,3
601169,1,1,1,1
601177,7,5,2,3
601179,5,3,3,6
601186,4,5,5,4
601188,6,5,6,7
601198,1,1,1,1
601199,4,5,4,5
601200,3,3,3,3
601208,3,2,6,6
601211,1,1,1,1
601212,5,7,6,5
601216,7,3,1,1
601218,3,2,6,6
601222,6,9,6,6
601225,7,6,7,7
601226,9,8,6,5
601228,6,6,6,3
601229,1,1,1,1
601231,5,4,6,3
601233,5,5,5,6
601236,,,1,1
601238,6,5,3,4
601258,6,5,2,0
601288,1,1,1,1
601298,,1,1,1
601311,5,5,7,4
601313,0,1,1,1
601318,1,1,1,1
601319,,1,1,1
601326,8,6,5,5
601328,1,1,1,1
601330,1,1,4,5
601333,7,5,5,3
601336,1,1,1,1
601339,6,3,3,3
601360,1,3,7,7
601366,4,4,4,5
601368,5,4,1,3
601369,7,7,7,5
601375,1,1,1,1
601377,1,1,1,1
601388,7,6,5,6
601390,6,6,2,4
601398,1,1,1,1
601500,3,6,3,3
601515,5,7,5,5
601518,4,5,5,5
601519,3,3,4,4
601555,1,1,1,1
601558,5,7,5,3
601566,4,6,5,4
601567,3,2,7,9
601577,1,1,1,1
601579,4,5,3,3
601588,6,8,7,6
601595,7,5,4,5
601598,,1,2,2
601599,6,8,7,8
601600,6,7,7,7
601601,1,1,1,1
601606,1,1,2,6
601607,3,3,7,6
601608,8,7,6,7
601611,3,5,2,2
601615,,1,1,1
601616,8,5,4,6
601618,6,6,6,5
601619,8,7,6,7
601628,1,1,1,1
601633,5,5,2,4
601636,7,7,5,4
601666,4,4,9,8
601668,3,3,6,7
601669,4,2,3,3
601677,4,8,6,6
601678,5,4,3,3
601688,1,1,1,1
601689,6,7,4,3
601698,,,1,1
601699,9,6,7,4
601700,4,2,4,4
601717,3,5,6,7
601718,7,5,2,4
601727,6,3,2,1
601766,6,7,4,5
601777,5,5,3,2
601788,1,1,1,1
601789,5,6,7,4
601798,4,6,6,6
601799,6,7,5,5
601800,6,1,2,1
601801,6,4,6,4
601808,3,7,7,7
601811,8,6,6,5
601818,1,1,1,1
601828,2,4,6,6
601838,1,1,1,1
601857,8,8,3,3
601858,5,8,6,7
601860,,1,1,1
601865,,1,1,2
601866,7,6,5,6
601869,1,1,3,4
601872,6,5,5,7
601877,8,8,5,4
601878,1,1,1,1
601880,6,8,8,8
601881,1,1,1,1
601882,7,5,5,2
601886,5,5,6,8
601888,6,8,8,7
601890,3,4,5,6
601898,8,8,8,7
601899,6,5,3,3
601900,6,7,5,6
601901,1,1,1,1
601908,7,6,4,4
601918,8,8,7,9
601919,3,3,6,6
601928,6,6,6,7
601929,3,3,4,4
601933,4,4,4,6
601939,1,1,1,1
601949,8,7,5,5
601952,7,7,4,6
601958,8,8,7,7
601965,8,6,4,6
601966,6,3,7,7
601968,10,8,7,6
601969,5,2,6,6
601975,,1,2,2
601985,8,7,4,5
601988,1,1,1,1
601989,7,6,8,7
601990,1,1,1,1
601991,5,6,5,7
601992,7,6,6,6
601996,3,4,6,8
601997,1,1,1,1
601998,1,1,1,1
601999,7,8,4,4
603000,6,5,7,7
603001,5,5,5,5
603002,5,3,7,8
603003,8,7,2,2
603005,6,5,5,7
603006,3,3,6,7
603007,3,3,4,2
603008,5,3,6,6
603009,4,3,4,4
603010,7,6,9,7
603011,3,7,5,4
603012,9,6,5,7
603013,1,1,6,8
603015,5,5,4,5
603016,8,7,7,5
603017,8,8,2,3
603018,4,5,6,7
603019,8,8,3,7
603020,5,5,5,4
603021,7,4,3,2
603022,6,5,4,4
603023,4,2,4,5
603025,6,6,4,3
603026,8,7,6,8
603027,5,4,5,5
603028,3,3,7,7
603029,3,5,4,4
603030,8,6,3,3
603031,7,3,3,3
603032,4,5,2,4
603033,4,5,5,4
603035,4,4,4,5
603036,5,6,8,7
603037,5,7,3,5
603038,6,7,5,6
603039,5,7,6,6
603040,5,5,4,4
603041,5,4,5,7
603042,2,0,2,3
603043,8,4,5,4
603045,1,1,3,3
603050,4,4,1,4
603055,7,3,3,4
603056,1,5,5,6
603058,7,7,4,4
603059,1,1,6,7
603060,7,6,5,6
603063,4,3,4,4
603066,5,8,5,5
603067,7,6,5,5
603068,,,1,1
603069,7,4,4,4
603076,2,3,6,7
603077,5,5,6,7
603078,4,4,3,3
603079,5,3,3,2
603080,2,2,3,3
603081,3,3,4,5
603083,2,4,3,1
603085,1,3,2,7
603086,6,6,4,3
603088,5,5,7,8
603089,5,3,5,4
603090,6,7,3,1
603093,,,,1
603096,5,5,5,5
603098,5,3,7,7
603099,5,3,5,5
603100,9,7,5,6
603101,4,3,5,6
603103,2,6,3,4
603105,1,1,4,1
603106,3,4,3,2
603108,8,5,5,7
603110,4,4,4,5
603111,2,3,6,6
603113,9,6,5,5
603115,,,,1
603116,6,5,6,3
603117,3,2,3,3
603118,5,5,7,6
603121,,1,1,1
603123,8,4,6,5
603126,7,6,6,7
603127,6,6,5,5
603128,7,8,8,8
603129,5,4,5,6
603131,5,3,4,4
603133,4,2,2,0
603136,6,7,7,6
603138,7,5,4,4
603139,6,5,3,3
603156,1,4,7,6
603157,1,4,3,2
603158,7,4,5,5
603159,4,5,5,5
603160,5,6,7,7
603161,1,4,5,5
603165,6,5,5,4
603166,4,4,6,7
603167,6,5,5,4
603168,5,3,2,2
603169,2,2,7,7
603177,3,3,2,3
603178,4,3,1,1
603179,3,2,3,2
603180,4,4,5,3
603181,6,7,7,6
603183,4,2,5,4
603185,0,1,2,2
603186,5,4,7,6
603187,0,1,2,2
603188,5,4,4,2
603189,5,1,5,5
603192,1,1,2,7
603196,4,2,3,3
603197,3,2,1,2
603198,8,7,7,7
603199,5,6,8,7
603200,6,5,3,3
603203,4,7,3,5
603208,6,4,4,4
603214,1,1,5,5
603217,,,1,1
603218,7,5,7,6
603220,0,1,2,2
603222,2,2,6,6
603223,4,4,5,3
603225,5,4,4,2
603226,4,4,3,3
603227,7,6,2,4
603228,5,3,3,5
603229,2,2,9,8
603232,5,4,5,3
603233,4,5,3,5
603236,,,1,1
603238,7,6,8,7
603239,5,4,3,2
603256,,,,1
603258,4,3,6,6
603259,1,1,6,4
603260,2,9,4,4
603266,5,5,3,4
603267,,,1,1
603268,4,6,7,7
603269,6,4,9,6
603277,3,4,6,6
603278,2,6,3,3
603279,,,1,1
603283,2,4,8,3
603286,4,4,2,2
603288,4,4,3,2
603289,2,6,7,6
603297,1,1,2,7
603298,7,6,4,6
603299,6,5,8,7
603300,9,7,8,6
603301,1,1,6,2
603303,6,6,7,7
603305,4,2,3,5
603306,6,6,3,3
603308,5,7,9,8
603309,5,3,6,5
603311,6,4,2,2
603313,3,3,4,7
603315,5,7,4,6
603316,4,3,2,2
603317,,,1,1
603318,5,5,2,4
603319,4,4,5,5
603320,5,5,2,2
603321,4,4,3,2
603322,5,4,2,4
603323,1,1,1,1
603326,5,5,7,5
603327,,,1,1
603328,7,7,4,5
603329,2,3,5,4
603330,5,7,4,5
603331,5,6,2,1
603332,,1,1,1
603333,5,5,6,6
603335,7,6,4,2
603336,2,2,6,9
603337,7,6,2,3
603338,5,5,3,4
603339,8,5,2,1
603345,7,4,6,4
603348,1,1,4,5
603351,,1,1,1
603355,7,7,5,5
603356,1,4,4,4
603357,8,8,7,5
603358,4,4,2,5
603359,7,5,4,4
603360,6,5,5,7
603363,2,3,5,5
603365,2,7,5,6
603366,5,2,4,4
603367,7,8,6,8
603368,4,4,3,3
603369,7,7,8,6
603377,4,2,5,6
603378,4,1,7,7
603379,,,1,1
603380,4,5,4,6
603383,6,6,7,6
603385,6,4,5,4
603386,7,5,4,2
603387,6,5,5,5
603388,4,3,4,5
603389,2,2,1,3
603393,2,3,9,8
603396,4,5,7,5
603398,4,3,6,7
603399,8,7,7,6
603416,5,7,7,6
603421,3,3,5,3
603429,5,5,4,3
603444,6,6,6,7
603456,6,8,6,4
603458,4,4,3,3
603466,2,4,5,5
603477,2,4,4,3
603486,1,1,5,3
603488,5,4,7,6
603496,6,7,3,4
603499,2,4,6,3
603500,5,4,7,6
603501,6,5,4,5
603505,6,6,6,7
603506,1,3,5,6
603507,2,4,5,4
603508,7,6,6,6
603515,6,6,7,4
603516,1,3,6,5
603517,5,3,3,3
603518,9,8,3,5
603519,5,6,7,7
603520,8,2,5,4
603527,7,7,6,3
603528,7,8,8,6
603530,,,,1
603533,3,3,5,3
603535,7,5,5,4
603536,5,3,3,3
603538,3,2,7,6
603555,4,4,4,3
603556,5,6,7,5
603557,4,4,2,2
603558,7,4,7,6
603559,3,3,3,7
603566,6,5,4,4
603567,4,4,4,3
603568,5,3,6,8
603569,3,6,7,8
603577,4,4,4,6
603578,7,7,4,5
603579,6,6,6,6
603580,7,7,4,6
603583,1,1,2,6
603585,5,4,5,4
603586,5,3,6,7
603587,1,1,7,5
603588,6,6,4,4
603589,9,9,9,6
603590,1,1,2,6
603595,5,3,1,0
603596,1,1,7,7
603598,5,4,6,5
603599,6,9,8,8
603600,4,3,5,5
603601,3,7,9,8
603602,4,2,2,2
603603,5,6,2,0
603605,2,7,9,10
603606,8,6,6,6
603607,4,5,6,5
603608,3,5,4,5
603609,9,3,5,5
603611,6,7,4,3
603612,3,2,1,4
603613,,,1,1
603615,6,6,4,4
603616,6,7,6,6
603617,4,3,4,3
603618,4,4,5,6
603619,2,4,3,3
603626,3,4,4,4
603628,6,7,8,5
603629,0,1,2,2
603630,5,3,5,6
603633,5,4,4,4
603636,5,5,5,3
603637,7,6,5,5
603638,6,4,4,6
603639,6,4,5,8
603648,4,4,4,4
603650,1,1,1,3
603655,2,4,5,2
603656,5,3,4,4
603657,1,1,4,4
603658,6,4,6,4
603659,1,3,6,5
603660,5,4,5,5
603661,2,4,7,4
603662,,,1,1
603663,6,3,4,3
603665,4,4,7,5
603666,1,1,7,7
603667,2,2,3,4
603668,5,6,4,4
603669,7,3,5,3
603676,4,4,4,1
603677,3,4,6,6
603678,6,6,7,7
603679,6,4,3,3
603680,1,3,4,3
603681,,,1,1
603683,5,5,3,4
603685,2,3,4,5
603686,5,5,5,5
603687,,,1,1
603688,8,6,6,6
603689,7,10,8,7
603690,3,4,4,5
603693,1,1,3,5
603696,5,5,6,5
603697,,,1,1
603698,9,7,2,3
603699,8,5,6,7
603700,,1,1,1
603701,6,6,4,4
603703,2,1,5,6
603706,1,1,4,7
603707,7,7,4,3
603708,6,6,7,5
603709,1,3,8,5
603711,2,6,7,5
603712,1,4,6,6
603713,1,1,2,4
603716,4,3,5,5
603717,4,3,4,4
603718,4,2,3,5
603721,4,5,3,3
603722,2,5,6,4
603725,7,4,7,3
603726,4,3,3,4
603727,5,6,7,6
603728,5,4,4,3
603729,1,1,2,4
603730,4,4,5,5
603733,1,1,5,8
603737,4,2,4,3
603738,6,6,2,4
603739,,1,1,1
603755,,,,1
603757,5,5,3,4
603758,4,3,1,0
603766,5,5,4,5
603767,6,3,7,5
603768,3,2,3,3
603773,1,1,4,3
603776,7,5,4,3
603777,6,4,6,6
603778,6,3,4,2
603779,8,6,5,5
603786,,,,1
603787,6,5,6,5
603788,6,5,5,6
603789,3,2,5,5
603790,1,1,2,4
603797,3,5,7,7
603798,5,5,7,6
603799,10,7,4,4
603800,7,7,7,8
603801,8,5,6,6
603803,5,3,4,4
603806,4,5,6,5
603808,9,9,5,7
603809,2,6,4,3
603810,1,1,2,6
603811,6,5,5,5
603813,6,4,5,9
603815,,,,1
603816,1,2,3,5
603817,4,3,4,4
603818,2,2,5,8
603819,3,4,6,6
603822,10,8,6,5
603823,7,7,8,8
603825,5,4,6,6
603826,6,5,4,4
603828,6,6,6,5
603829,4,6,5,3
603833,6,6,5,3
603838,6,4,4,3
603839,8,3,4,5
603843,6,5,4,4
603848,2,5,5,4
603855,7,6,6,5
603856,2,5,7,9
603858,4,5,7,6
603859,5,5,6,5
603860,7,7,3,4
603861,4,4,5,5
603863,,,1,1
603866,6,6,6,3
603867,,,1,1
603868,5,4,2,2
603869,8,7,4,3
603871,1,3,7,7
603876,1,1,5,5
603877,7,7,6,7
603878,6,7,7,7
603879,4,5,5,6
603880,6,4,3,6
603881,5,6,4,3
603882,3,6,7,8
603883,4,6,2,4
603885,6,6,4,1
603886,7,5,7,7
603887,6,4,4,5
603888,6,3,2,2
603889,5,5,4,3
603890,2,4,3,4
603895,1,4,6,4
603896,5,4,5,2
603897,1,1,4,3
603898,7,6,7,3
603899,5,6,4,4
603900,7,8,7,5
603901,5,5,7,8
603903,4,3,5,4
603906,3,2,6,8
603908,5,5,3,7
603909,3,3,7,8
603912,2,5,4,3
603915,,,1,1
603916,1,5,5,5
603917,2,7,5,5
603918,6,5,9,6
603919,4,4,5,6
603920,5,6,7,6
603922,3,5,4,3
603926,4,3,3,3
603927,,,,1
603928,6,5,3,5
603929,6,7,6,5
603933,3,3,4,5
603936,5,6,5,6
603937,2,6,6,6
603938,3,3,4,6
603939,4,2,3,6
603955,3,3,5,5
603956,,1,1,1
603958,5,3,3,2
603959,7,5,3,3
603960,5,4,7,7
603963,6,6,4,5
603966,5,3,5,4
603967,,,1,1
603968,8,5,8,7
603969,3,4,4,6
603970,1,7,3,4
603976,6,3,3,3
603977,3,3,8,8
603978,3,3,3,3
603979,6,8,3,4
603980,7,8,4,4
603982,,,1,1
603983,,,1,1
603985,7,3,1,1
603986,3,3,5,4
603987,7,2,3,3
603988,7,5,7,6
603989,3,4,4,5
603990,3,4,4,5
603991,4,5,4,2
603992,,,,1
603993,8,8,4,6
603996,7,6,4,3
603997,6,4,5,5
603998,5,5,3,3
603999,4,2,6,5
688001,,,,1
688002,,,,1
688003,,,,1
688005,,,1,1
688006,,,,1
688007,,,,1
688008,,,1,1
688009,,,1,1
688010,,,,1
688011,,,,1
688012,,,1,1
688015,,,1,1
688016,,,,1
688018,,,,1
688019,,,,1
688020,,,,1
688022,,,,1
688028,,,,1
688029,,,,1
688030,,,,1
688033,,,,1
688036,,,,1
688066,,,,1
688068,,,,1
688088,,,1,1
688099,,,,1
688116,,,,1
688122,,,,1
688168,,,,1
688188,,,,1
688321,,,,1
688333,,,,1
688368,,,,1
688388,,,,1
900929,2,2,2,2
900939,2,1,1,1
900948,2,2,3,3
900951,1,0,1,0
900953,1,1,1,1
900956,1,2,2,3
900957,2,2,2,3
