code,date,type
000001,1991-04-03,4
000002,1991-01-29,4
000003,1991-07-03,4
000004,1991-01-14,4
000005,1990-12-10,4
000006,1992-04-27,4
000007,1992-04-13,4
000008,1992-05-07,4
000009,1991-06-25,4
000010,1995-10-27,4
000011,1992-03-30,4
000012,1992-02-28,4
000013,1992-05-06,4
000014,1992-06-02,4
000015,1992-06-25,4
000016,1992-03-27,4
000017,1992-03-31,4
000018,1992-06-16,4
000019,1992-10-12,4
000020,1992-04-28,4
000021,1994-02-02,4
000022,1993-05-05,4
000023,1993-04-29,4
000024,1993-06-07,4
000025,1993-06-21,4
000026,1993-06-03,4
000027,1993-09-03,4
000028,1993-08-09,4
000029,1993-09-15,4
000030,1993-09-29,4
000031,1993-10-08,4
000032,1993-10-28,4
000033,1994-01-03,4
000034,1994-05-09,4
000035,1994-04-08,4
000036,1994-06-17,4
000037,1994-07-01,4
000038,1994-08-08,4
000039,1994-04-08,4
000040,1994-08-08,4
000042,1994-09-21,4
000043,1994-09-28,4
000045,1994-08-15,4
000046,1994-09-12,4
000047,1994-10-21,4
000048,1994-11-01,4
000049,1995-03-20,4
000050,1995-03-15,4
000055,1996-04-15,4
000056,1996-07-08,4
000058,1996-12-26,4
000059,1997-01-30,4
000060,1997-01-23,4
000061,1997-01-10,4
000062,1997-01-30,4
000063,1997-11-18,4
000065,1998-06-05,4
000066,1997-06-26,4
000068,1997-06-11,4
000069,1997-09-10,4
000070,2000-05-11,4
000078,1998-12-18,4
000088,1997-07-28,4
000089,1998-04-20,4
000090,1999-07-21,4
000096,2000-07-24,4
000099,2000-07-31,4
000100,2004-01-30,4
000150,2000-08-07,4
000151,2000-09-06,4
000153,2000-09-20,4
000155,2000-09-26,4
000156,2000-09-06,4
000157,2000-10-12,4
000158,2000-07-24,4
000159,2000-09-26,4
000166,2015-01-26,4
000301,2000-05-29,4
000333,2013-09-18,4
000338,2007-04-30,4
000400,1997-04-18,4
000401,1996-06-14,4
000402,1996-06-26,4
000403,1996-06-28,4
000404,1996-06-19,4
000405,1996-06-20,4
000406,1996-06-28,4
000407,1996-07-03,4
000408,1996-06-28,4
000409,1996-06-27,4
000410,1996-07-18,4
000411,1996-07-16,4
000412,1996-07-15,4
000413,1996-09-25,4
000415,1996-07-16,4
000416,1996-07-19,4
000417,1996-08-12,4
000418,1997-03-28,4
000419,1996-08-16,4
000420,1996-08-02,4
000421,1996-08-06,4
000422,1996-08-15,4
000423,1996-07-29,4
000425,1996-08-28,4
000426,1996-08-28,4
000428,1996-08-08,4
000429,1998-02-20,4
000430,1996-08-29,4
000488,2000-11-20,4
000498,1997-06-09,4
000501,1992-11-20,4
000502,1992-11-23,4
000503,1992-11-30,4
000504,1992-12-08,4
000505,1992-12-21,4
000506,1993-03-12,4
000507,1993-03-26,4
000508,1993-04-30,4
000509,1993-05-07,4
000510,1993-05-07,4
000511,1993-05-18,4
000513,1993-10-28,4
000514,1993-07-12,4
000515,1993-07-12,4
000516,1993-08-09,4
000517,1993-08-06,4
000518,1993-09-08,4
000519,1993-10-08,4
000520,1993-10-25,4
000521,1993-10-18,4
000522,1993-11-08,4
000523,1993-11-08,4
000524,1993-11-18,4
000525,1993-10-28,4
000526,1993-11-01,4
000527,1993-11-12,4
000528,1993-11-18,4
000529,1993-11-18,4
000530,1993-12-08,4
000531,1994-01-06,4
000532,1994-01-03,4
000533,1994-01-03,4
000534,1994-01-10,4
000535,1993-11-30,4
000536,1993-11-26,4
000537,1993-12-10,4
000538,1993-12-15,4
000539,1993-11-26,4
000540,1994-02-02,4
000541,1993-11-23,4
000542,1993-12-01,4
000543,1993-12-20,4
000544,1993-12-08,4
000545,1993-12-15,4
000546,1993-12-15,4
000547,1993-11-30,4
000548,1993-12-20,4
000549,1993-12-20,4
000550,1993-12-01,4
000551,1994-01-06,4
000552,1994-01-06,4
000553,1993-12-03,4
000554,1993-12-15,4
000555,1994-04-08,4
000556,1994-05-25,4
000557,1994-06-17,4
000558,1994-05-09,4
000559,1994-01-10,4
000560,1994-02-02,4
000561,1994-05-09,4
000562,1994-02-02,4
000563,1994-01-10,4
000564,1994-01-10,4
000565,1994-04-08,4
000566,1994-05-25,4
000567,1994-05-25,4
000568,1994-05-09,4
000569,1994-04-25,4
000570,1994-07-01,4
000571,1994-05-25,4
000572,1994-08-08,4
000573,1994-08-15,4
000576,1994-09-07,4
000578,1995-03-03,4
000581,1998-09-24,4
000582,1995-11-02,4
000583,1995-11-01,4
000584,1995-11-28,4
000585,1995-12-13,4
000586,1995-12-20,4
000587,1996-04-25,4
000588,1996-01-23,4
000589,1996-03-08,4
000590,1996-01-19,4
000591,1996-02-08,4
000592,1996-03-27,4
000593,1996-03-12,4
000594,1996-03-20,4
000595,1996-04-19,4
000596,1996-09-27,4
000597,1996-05-23,4
000598,1996-05-29,4
000599,1996-04-30,4
000600,1996-06-06,4
000601,1996-08-30,4
000602,1996-08-19,4
000603,1996-08-23,4
000605,1996-09-13,4
000606,1996-10-04,4
000607,1996-08-30,4
000608,1996-09-19,4
000609,1996-10-10,4
000610,1996-09-26,4
000611,1996-10-08,4
000612,1996-09-26,4
000613,1997-01-28,4
000615,1996-10-16,4
000616,1996-11-08,4
000617,1996-10-22,4
000618,1996-10-15,4
000619,1996-10-23,4
000620,1996-10-29,4
000621,1996-11-05,4
000622,1996-11-07,4
000623,1996-10-28,4
000625,1997-06-10,4
000626,1996-11-28,4
000627,1996-11-12,4
000628,1996-11-18,4
000629,1996-11-15,4
000630,1996-11-20,4
000631,1996-11-22,4
000632,1996-11-21,4
000633,1996-11-12,4
000635,1996-11-20,4
000636,1996-11-29,4
000637,1996-11-14,4
000638,1996-11-26,4
000639,1996-11-26,4
000650,1996-12-10,4
000651,1996-11-18,4
000652,1996-11-28,4
000653,1996-11-26,4
000655,1996-11-28,4
000656,1996-11-28,4
000657,1996-12-05,4
000658,1996-12-18,4
000659,1996-12-03,4
000660,1996-12-09,4
000661,1996-12-18,4
000662,1996-12-16,4
000663,1996-12-06,4
000665,1996-12-10,4
000666,1996-12-10,4
000667,1996-12-05,4
000668,1996-12-10,4
000669,1996-12-10,4
000670,1996-12-17,4
000671,1996-12-18,4
000672,1996-12-18,4
000673,1997-01-24,4
000675,1996-12-26,4
000676,1996-12-24,4
000677,1996-12-26,4
000678,1997-01-06,4
000679,1997-01-24,4
000680,1997-01-22,4
000681,1997-01-21,4
000682,1997-01-21,4
000683,1997-01-31,4
000685,1997-01-23,4
000686,1997-02-27,4
000687,1997-02-21,4
000688,1997-01-20,4
000689,1996-12-31,4
000690,1997-01-28,4
000691,1997-02-28,4
000692,1997-02-27,4
000693,1997-02-26,4
000695,1997-02-18,4
000697,1997-03-25,4
000698,1997-02-20,4
000699,1997-03-10,4
000700,1997-02-28,4
000701,1997-02-26,4
000702,1997-03-18,4
000703,1997-03-28,4
000705,1997-04-10,4
000707,1997-04-15,4
000708,1997-03-26,4
000709,1997-04-16,4
000710,1997-04-22,4
000711,1997-04-11,4
000712,1997-04-15,4
000713,1997-04-22,4
000715,1997-05-08,4
000716,1997-04-18,4
000717,1997-05-08,4
000718,1997-04-08,4
000719,1997-03-31,4
000720,1997-05-09,4
000721,1997-04-30,4
000722,1997-05-22,4
000723,1997-05-15,4
000725,2001-01-12,4
000726,2000-12-25,4
000727,1997-05-20,4
000728,1997-06-16,4
000729,1997-07-16,4
000730,1997-05-22,4
000731,1997-06-17,4
000732,1997-07-04,4
000733,1997-07-03,4
000735,1997-06-11,4
000736,1997-04-25,4
000737,1997-04-28,4
000738,1997-06-26,4
000739,1997-05-09,4
000748,1997-07-04,4
000750,1997-07-09,4
000751,1997-06-26,4
000752,1997-06-25,4
000753,1997-06-26,4
000755,1997-06-27,4
000756,1997-08-06,4
000757,1997-06-27,4
000758,1997-04-16,4
000759,1997-05-19,4
000760,1997-06-27,4
000761,1998-01-15,4
000762,1997-07-08,4
000763,1997-09-15,4
000765,1997-11-03,4
000766,1997-04-30,4
000767,1997-06-09,4
000768,1997-06-26,4
000769,1997-05-30,4
000776,1997-06-11,4
000777,1997-07-10,4
000778,1997-06-06,4
000779,1997-05-28,4
000780,1997-06-06,4
000782,1997-06-19,4
000783,1997-07-31,4
000785,1997-07-11,4
000786,1997-06-06,4
000787,1997-06-26,4
000788,1997-06-16,4
000789,1997-09-23,4
000790,1998-03-27,4
000791,1997-10-14,4
000792,1997-09-04,4
000793,1997-07-29,4
000795,1997-08-08,4
000796,1997-07-03,4
000797,1997-07-15,4
000798,1998-02-12,4
000799,1997-07-18,4
000800,1997-06-18,4
000801,1998-05-06,4
000802,1998-01-08,4
000803,1998-03-03,4
000805,1998-05-29,4
000806,1998-04-16,4
000807,1998-04-08,4
000809,1998-06-16,4
000810,1998-06-02,4
000811,1998-05-28,4
000812,1998-06-23,4
000813,1998-05-19,4
000815,1998-06-09,4
000816,1997-08-18,4
000817,1998-05-28,4
000818,1997-10-17,4
000819,1997-06-25,4
000820,1998-06-30,4
000821,1998-06-26,4
000822,1998-07-03,4
000823,1997-10-08,4
000825,1998-10-21,4
000826,1998-02-25,4
000827,1998-10-16,4
000828,1997-06-17,4
000829,1997-12-02,4
000830,1998-08-07,4
000831,1998-09-11,4
000832,1998-08-25,4
000833,1998-11-11,4
000835,1999-06-25,4
000836,1997-09-29,4
000837,1998-09-28,4
000838,1997-06-26,4
000839,1997-10-31,4
000848,1997-11-13,4
000850,1998-10-07,4
000851,1998-06-09,4
000852,1998-11-26,4
000856,1998-08-13,4
000858,1998-04-27,4
000859,1998-11-19,4
000860,1998-11-04,4
000861,1998-10-28,4
000862,1998-09-15,4
000863,1997-09-25,4
000866,1998-05-12,4
000868,1997-07-25,4
000869,2000-10-26,4
000875,2002-09-26,4
000876,1998-03-11,4
000877,1999-01-07,4
000878,1998-06-02,4
000880,1998-04-02,4
000881,1998-09-02,4
000882,1998-06-16,4
000883,1998-05-19,4
000885,1999-03-19,4
000886,1998-01-23,4
000887,1998-12-03,4
000888,1997-10-21,4
000889,1997-12-18,4
000890,1999-01-19,4
000892,1999-01-15,4
000893,1998-12-24,4
000895,1998-12-10,4
000897,1999-04-22,4
000898,1997-12-25,4
000899,1997-11-26,4
000900,1999-01-28,4
000901,1999-04-01,4
000902,1999-04-08,4
000903,1999-04-15,4
000905,1999-04-29,4
000906,1999-07-07,4
000908,1999-02-03,4
000909,1999-05-07,4
000910,1999-06-30,4
000911,1999-05-27,4
000912,1999-06-03,4
000913,1999-05-14,4
000915,1999-06-09,4
000916,1999-09-27,4
000917,1999-03-25,4
000918,1999-07-20,4
000919,1999-11-18,4
000920,1999-06-16,4
000921,1999-07-13,4
000922,1999-06-18,4
000923,1999-07-14,4
000925,1999-06-11,4
000926,1999-06-18,4
000927,1999-07-27,4
000928,1999-03-12,4
000929,1999-06-23,4
000930,1999-07-12,4
000931,1999-07-12,4
000932,1999-08-03,4
000933,1999-08-31,4
000935,1999-08-24,4
000936,1999-08-10,4
000937,1999-09-09,4
000938,1999-11-04,4
000939,1999-09-23,4
000948,1999-10-14,4
000949,1999-10-21,4
000950,1999-09-16,4
000951,1999-11-25,4
000952,1999-11-12,4
000953,1999-12-02,4
000955,1999-12-09,4
000956,1999-11-10,4
000957,2000-01-13,4
000958,1999-12-23,4
000959,1999-12-16,4
000960,2000-02-21,4
000961,2000-03-01,4
000962,2000-01-20,4
000963,2000-01-27,4
000965,2000-04-06,4
000966,2000-03-16,4
000967,2000-03-30,4
000968,2000-06-22,4
000969,2000-05-29,4
000970,2000-04-20,4
000971,2000-04-27,4
000972,2000-09-26,4
000973,2000-05-25,4
000975,2000-06-08,4
000976,2000-06-01,4
000977,2000-06-08,4
000978,2000-05-18,4
000979,2000-06-16,4
000980,2000-06-16,4
000981,2000-06-22,4
000982,2000-07-06,4
000983,2000-07-26,4
000985,2000-07-26,4
000987,2000-07-18,4
000988,2000-06-08,4
000989,2000-06-28,4
000990,2000-07-06,4
000993,2000-07-31,4
000995,2000-08-07,4
000996,2000-07-18,4
000997,2000-08-07,4
000998,2000-12-11,4
000999,2000-03-09,4
001696,1997-03-06,4
001872,2018-12-26,4
001896,1998-01-22,4
001914,2019-12-16,4
001965,2017-12-25,4
001979,2015-12-30,4
002001,2004-06-25,4
002002,2004-06-25,4
002003,2004-06-25,4
002004,2004-06-25,4
002005,2004-06-25,4
002006,2004-06-25,4
002007,2004-06-25,4
002008,2004-06-25,4
002009,2004-06-29,4
002010,2004-06-29,4
002011,2004-07-05,4
002012,2004-07-05,4
002013,2004-07-05,4
002014,2004-07-08,4
002015,2004-07-08,4
002016,2004-07-08,4
002017,2004-07-13,4
002018,2004-07-13,4
002019,2004-07-13,4
002020,2004-07-15,4
002021,2004-07-15,4
002022,2004-07-21,4
002023,2004-07-21,4
002024,2004-07-21,4
002025,2004-07-26,4
002026,2004-07-27,4
002027,2004-08-04,4
002028,2004-08-05,4
002029,2004-08-06,4
002030,2004-08-09,4
002031,2004-08-16,4
002032,2004-08-17,4
002033,2004-08-25,4
002034,2004-08-26,4
002035,2004-09-01,4
002036,2004-09-03,4
002037,2004-09-08,4
002038,2004-09-09,4
002039,2005-03-03,4
002040,2005-03-25,4
002041,2005-04-18,4
002042,2005-04-27,4
002043,2005-05-10,4
002044,2005-05-18,4
002045,2005-05-23,4
002046,2005-05-26,4
002047,2005-05-31,4
002048,2005-06-03,4
002049,2005-06-06,4
002050,2005-06-07,4
002051,2006-06-19,4
002052,2006-06-27,4
002053,2006-06-27,4
002054,2006-07-25,4
002055,2006-07-25,4
002056,2006-08-02,4
002057,2006-08-02,4
002058,2006-08-02,4
002059,2006-08-10,4
002060,2006-08-10,4
002061,2006-08-16,4
002062,2006-08-16,4
002063,2006-08-23,4
002064,2006-08-23,4
002065,2006-08-23,4
002066,2006-08-23,4
002067,2006-09-15,4
002068,2006-09-15,4
002069,2006-09-28,4
002070,2006-10-12,4
002071,2006-10-12,4
002072,2006-10-18,4
002073,2006-10-18,4
002074,2006-10-18,4
002075,2006-10-25,4
002076,2006-10-25,4
002077,2006-11-16,4
002078,2006-11-16,4
002079,2006-11-16,4
002080,2006-11-20,4
002081,2006-11-20,4
002082,2006-11-20,4
002083,2006-11-24,4
002084,2006-11-24,4
002085,2006-11-28,4
002086,2006-11-28,4
002087,2006-11-30,4
002088,2006-11-30,4
002089,2006-11-30,4
002090,2006-12-08,4
002091,2006-12-08,4
002092,2006-12-08,4
002093,2006-12-15,4
002094,2006-12-15,4
002095,2006-12-15,4
002096,2006-12-22,4
002097,2006-12-22,4
002098,2006-12-22,4
002099,2006-12-26,4
002100,2006-12-26,4
002101,2006-12-29,4
002102,2006-12-29,4
002103,2007-01-10,4
002104,2007-01-10,4
002105,2007-01-12,4
002106,2007-01-12,4
002107,2007-01-24,4
002108,2007-01-24,4
002109,2007-01-26,4
002110,2007-01-26,4
002111,2007-01-26,4
002112,2007-02-08,4
002113,2007-02-08,4
002114,2007-02-15,4
002115,2007-02-15,4
002116,2007-02-15,4
002117,2007-03-02,4
002118,2007-03-02,4
002119,2007-03-02,4
002120,2007-03-06,4
002121,2007-03-06,4
002122,2007-03-28,4
002123,2007-03-28,4
002124,2007-04-03,4
002125,2007-04-03,4
002126,2007-04-18,4
002127,2007-04-18,4
002128,2007-04-18,4
002129,2007-04-20,4
002130,2007-04-20,4
002131,2007-04-27,4
002132,2007-04-27,4
002133,2007-04-27,4
002134,2007-05-16,4
002135,2007-05-30,4
002136,2007-05-30,4
002137,2007-06-13,4
002138,2007-06-13,4
002139,2007-06-29,4
002140,2007-07-12,4
002141,2007-07-20,4
002142,2007-07-19,4
002143,2007-07-20,4
002144,2007-08-03,4
002145,2007-08-03,4
002146,2007-08-08,4
002147,2007-08-08,4
002148,2007-08-10,4
002149,2007-08-10,4
002150,2007-08-10,4
002151,2007-08-13,4
002152,2007-08-13,4
002153,2007-08-13,4
002154,2007-08-16,4
002155,2007-08-16,4
002156,2007-08-16,4
002157,2007-08-17,4
002158,2007-08-17,4
002159,2007-08-17,4
002160,2007-08-21,4
002161,2007-08-21,4
002162,2007-08-23,4
002163,2007-08-23,4
002164,2007-08-23,4
002165,2007-09-13,4
002166,2007-09-13,4
002167,2007-09-13,4
002168,2007-09-19,4
002169,2007-09-19,4
002170,2007-09-19,4
002171,2007-09-21,4
002172,2007-09-21,4
002173,2007-09-25,4
002174,2007-09-25,4
002175,2007-10-12,4
002176,2007-10-12,4
002177,2007-11-01,4
002178,2007-11-01,4
002179,2007-11-01,4
002180,2007-11-13,4
002181,2007-11-16,4
002182,2007-11-13,4
002183,2007-11-13,4
002184,2007-11-16,4
002185,2007-11-20,4
002186,2007-11-20,4
002187,2007-11-22,4
002188,2007-11-22,4
002189,2007-12-03,4
002190,2007-12-03,4
002191,2007-12-05,4
002192,2007-12-05,4
002193,2007-12-07,4
002194,2007-12-07,4
002195,2007-12-12,4
002196,2007-12-12,4
002197,2007-12-18,4
002198,2007-12-18,4
002199,2007-12-21,4
002200,2007-12-21,4
002201,2007-12-26,4
002202,2007-12-26,4
002203,2008-01-16,4
002204,2008-01-16,4
002205,2008-01-23,4
002206,2008-01-23,4
002207,2008-01-28,4
002208,2008-01-28,4
002209,2008-01-30,4
002210,2008-01-30,4
002211,2008-02-01,4
002212,2008-02-01,4
002213,2008-02-01,4
002214,2008-02-18,4
002215,2008-02-18,4
002216,2008-02-20,4
002217,2008-02-20,4
002218,2008-02-28,4
002219,2008-03-06,4
002220,2008-02-28,4
002221,2008-03-06,4
002222,2008-03-19,4
002223,2008-04-18,4
002224,2008-04-25,4
002225,2008-04-25,4
002226,2008-05-06,4
002227,2008-05-06,4
002228,2008-05-08,4
002229,2008-05-08,4
002230,2008-05-12,4
002231,2008-05-12,4
002232,2008-05-09,4
002233,2008-05-16,4
002234,2008-05-16,4
002235,2008-05-16,4
002236,2008-05-20,4
002237,2008-05-20,4
002238,2008-05-26,4
002239,2008-05-22,4
002240,2008-05-23,4
002241,2008-05-22,4
002242,2008-05-28,4
002243,2008-05-28,4
002244,2008-05-29,4
002245,2008-06-05,4
002246,2008-06-05,4
002247,2008-06-12,4
002248,2008-06-12,4
002249,2008-06-19,4
002250,2008-06-19,4
002251,2008-06-19,4
002252,2008-06-23,4
002253,2008-06-23,4
002254,2008-06-25,4
002255,2008-06-25,4
002256,2008-06-25,4
002258,2008-07-08,4
002259,2008-07-16,4
002260,2008-07-16,4
002261,2008-07-23,4
002262,2008-07-23,4
002263,2008-07-28,4
002264,2008-07-31,4
002265,2008-08-06,4
002266,2008-08-06,4
002267,2008-08-13,4
002268,2008-08-11,4
002269,2008-08-28,4
002270,2008-09-05,4
002271,2008-09-10,4
002272,2008-09-19,4
002273,2008-09-19,4
002274,2008-09-25,4
002275,2009-07-10,4
002276,2009-07-10,4
002277,2009-07-17,4
002278,2009-08-11,4
002279,2009-08-11,4
002280,2009-08-21,4
002281,2009-08-21,4
002282,2009-08-21,4
002283,2009-08-21,4
002284,2009-08-28,4
002285,2009-08-28,4
002286,2009-08-28,4
002287,2009-08-28,4
002288,2009-09-03,4
002289,2009-09-03,4
002290,2009-09-03,4
002291,2009-09-03,4
002292,2009-09-10,4
002293,2009-09-10,4
002294,2009-09-10,4
002295,2009-09-29,4
002296,2009-09-29,4
002297,2009-09-29,4
002298,2009-09-29,4
002299,2009-10-21,4
002300,2009-10-21,4
002301,2009-10-21,4
002302,2009-11-03,4
002303,2009-11-03,4
002304,2009-11-06,4
002305,2009-11-06,4
002306,2009-11-11,4
002307,2009-11-11,4
002308,2009-11-27,4
002309,2009-11-27,4
002310,2009-11-27,4
002311,2009-11-27,4
002312,2009-12-03,4
002313,2009-12-03,4
002314,2009-12-03,4
002315,2009-12-09,4
002316,2009-12-09,4
002317,2009-12-11,4
002318,2009-12-11,4
002319,2009-12-11,4
002320,2009-12-16,4
002321,2009-12-16,4
002322,2009-12-18,4
002323,2009-12-18,4
002324,2009-12-18,4
002325,2009-12-22,4
002326,2009-12-22,4
002327,2009-12-30,4
002328,2009-12-30,4
002329,2010-01-06,4
002330,2010-01-06,4
002331,2010-01-06,4
002332,2010-01-12,4
002333,2010-01-12,4
002334,2010-01-13,4
002335,2010-01-13,4
002336,2010-01-13,4
002337,2010-01-15,4
002338,2010-01-15,4
002339,2010-01-22,4
002340,2010-01-22,4
002341,2010-01-22,4
002342,2010-01-26,4
002343,2010-01-26,4
002344,2010-01-26,4
002345,2010-01-28,4
002346,2010-01-28,4
002347,2010-01-28,4
002348,2010-02-03,4
002349,2010-02-03,4
002350,2010-02-03,4
002351,2010-02-05,4
002352,2010-02-05,4
002353,2010-02-05,4
002354,2010-02-09,4
002355,2010-02-09,4
002356,2010-02-09,4
002357,2010-02-10,4
002358,2010-02-10,4
002359,2010-02-10,4
002360,2010-03-03,4
002361,2010-03-03,4
002362,2010-03-03,4
002363,2010-03-05,4
002364,2010-03-05,4
002365,2010-03-05,4
002366,2010-03-12,4
002367,2010-03-12,4
002368,2010-03-12,4
002369,2010-03-16,4
002370,2010-03-16,4
002371,2010-03-16,4
002372,2010-03-18,4
002373,2010-03-18,4
002374,2010-03-18,4
002375,2010-03-23,4
002376,2010-03-23,4
002377,2010-03-23,4
002378,2010-03-31,4
002379,2010-03-31,4
002380,2010-03-31,4
002381,2010-04-02,4
002382,2010-04-02,4
002383,2010-04-02,4
002384,2010-04-09,4
002385,2010-04-09,4
002386,2010-04-09,4
002387,2010-04-13,4
002388,2010-04-13,4
002389,2010-04-13,4
002390,2010-04-16,4
002391,2010-04-16,4
002392,2010-04-23,4
002393,2010-04-23,4
002394,2010-04-23,4
002395,2010-04-29,4
002396,2010-06-23,4
002397,2010-04-29,4
002398,2010-05-06,4
002399,2010-05-06,4
002400,2010-05-06,4
002401,2010-05-06,4
002402,2010-05-11,4
002403,2010-05-11,4
002404,2010-05-11,4
002405,2010-05-18,4
002406,2010-05-18,4
002407,2010-05-18,4
002408,2010-05-18,4
002409,2010-05-25,4
002410,2010-05-25,4
002411,2010-05-25,4
002412,2010-05-25,4
002413,2010-05-28,4
002414,2010-07-16,4
002415,2010-05-28,4
002416,2010-05-28,4
002417,2010-06-01,4
002418,2010-06-01,4
002419,2010-06-01,4
002420,2010-06-01,4
002421,2010-06-03,4
002422,2010-06-03,4
002423,2010-06-03,4
002424,2010-06-03,4
002425,2010-06-08,4
002426,2010-06-08,4
002427,2010-06-08,4
002428,2010-06-08,4
002429,2010-06-10,4
002430,2010-06-10,4
002431,2010-06-10,4
002432,2010-06-10,4
002433,2010-06-18,4
002434,2010-06-18,4
002435,2010-06-18,4
002436,2010-06-18,4
002437,2010-06-23,4
002438,2010-06-23,4
002439,2010-06-23,4
002440,2010-07-06,4
002441,2010-07-06,4
002442,2010-07-06,4
002443,2010-07-06,4
002444,2010-07-13,4
002445,2010-07-13,4
002446,2010-07-13,4
002447,2010-07-13,4
002448,2010-07-16,4
002449,2010-07-16,4
002450,2010-07-16,4
002451,2010-07-20,4
002452,2010-07-20,4
002453,2010-07-20,4
002454,2010-07-20,4
002455,2010-08-03,4
002456,2010-08-03,4
002457,2010-08-03,4
002458,2010-08-10,4
002459,2010-08-10,4
002460,2010-08-10,4
002461,2010-08-18,4
002462,2010-08-18,4
002463,2010-08-18,4
002464,2010-08-31,4
002465,2010-08-31,4
002466,2010-08-31,4
002467,2010-09-08,4
002468,2010-09-08,4
002469,2010-09-08,4
002470,2010-09-08,4
002471,2010-09-10,4
002472,2010-09-10,4
002473,2010-09-10,4
002474,2010-09-15,4
002475,2010-09-15,4
002476,2010-09-15,4
002477,2010-09-15,4
002478,2010-09-21,4
002479,2010-09-21,4
002480,2010-09-21,4
002481,2010-09-21,4
002482,2010-09-29,4
002483,2010-09-29,4
002484,2010-09-29,4
002485,2010-10-15,4
002486,2010-10-15,4
002487,2010-10-15,4
002488,2010-10-21,4
002489,2010-10-21,4
002490,2010-10-21,4
002491,2010-10-21,4
002492,2010-11-02,4
002493,2010-11-02,4
002494,2010-11-02,4
002495,2010-11-02,4
002496,2010-11-09,4
002497,2010-11-09,4
002498,2010-11-09,4
002499,2010-11-09,4
002500,2010-11-15,4
002501,2010-11-17,4
002502,2010-11-17,4
002503,2010-11-17,4
002504,2010-11-18,4
002505,2010-11-18,4
002506,2010-11-18,4
002507,2010-11-23,4
002508,2010-11-23,4
002509,2010-11-23,4
002510,2010-11-25,4
002511,2010-11-25,4
002512,2010-12-03,4
002513,2010-12-03,4
002514,2010-12-03,4
002515,2010-12-03,4
002516,2010-12-07,4
002517,2010-12-07,4
002518,2010-12-07,4
002519,2010-12-07,4
002520,2010-12-10,4
002521,2010-12-10,4
002522,2010-12-10,4
002523,2010-12-10,4
002524,2010-12-17,4
002526,2010-12-17,4
002527,2010-12-24,4
002528,2010-12-24,4
002529,2010-12-24,4
002530,2010-12-31,4
002531,2010-12-31,4
002532,2010-12-31,4
002533,2010-12-31,4
002534,2011-01-10,4
002535,2011-01-11,4
002536,2011-01-11,4
002537,2011-01-10,4
002538,2011-01-18,4
002539,2011-01-18,4
002540,2011-01-18,4
002541,2011-01-18,4
002542,2011-01-28,4
002543,2011-01-28,4
002544,2011-01-28,4
002545,2011-02-11,4
002546,2011-02-11,4
002547,2011-02-18,4
002548,2011-02-18,4
002549,2011-02-18,4
002550,2011-02-18,4
002551,2011-02-25,4
002552,2011-02-25,4
002553,2011-02-25,4
002554,2011-02-25,4
002555,2011-03-02,4
002556,2011-03-02,4
002557,2011-03-02,4
002558,2011-03-02,4
002559,2011-03-03,4
002560,2011-03-03,4
002561,2011-03-03,4
002562,2011-03-10,4
002563,2011-03-11,4
002564,2011-03-10,4
002565,2011-03-18,4
002566,2011-03-18,4
002567,2011-03-25,4
002568,2011-03-25,4
002569,2011-04-12,4
002570,2011-04-12,4
002571,2011-04-12,4
002572,2011-04-12,4
002573,2011-04-22,4
002574,2011-04-22,4
002575,2011-04-22,4
002576,2011-04-28,4
002577,2011-04-28,4
002578,2011-04-28,4
002579,2011-05-06,4
002580,2011-05-06,4
002581,2011-05-20,4
002582,2011-05-20,4
002583,2011-05-27,4
002584,2011-06-02,4
002585,2011-06-02,4
002586,2011-06-02,4
002587,2011-06-10,4
002588,2011-06-10,4
002589,2011-06-10,4
002590,2011-06-10,4
002591,2011-06-21,4
002592,2011-11-11,4
002593,2011-06-28,4
002594,2011-06-30,4
002595,2011-06-28,4
002596,2011-07-07,4
002597,2011-07-07,4
002598,2011-07-07,4
002599,2011-07-15,4
002600,2011-07-15,4
002601,2011-07-15,4
002602,2011-07-28,4
002603,2011-07-28,4
002604,2011-07-28,4
002605,2011-08-05,4
002606,2011-08-05,4
002607,2011-08-10,4
002608,2011-08-10,4
002609,2011-08-15,4
002610,2011-08-15,4
002611,2011-08-30,4
002612,2011-08-30,4
002613,2011-08-30,4
002614,2011-09-09,4
002615,2011-09-09,4
002616,2011-09-20,4
002617,2011-09-20,4
002618,2011-09-20,4
002619,2011-09-29,4
002620,2011-09-29,4
002621,2011-09-29,4
002622,2011-10-18,4
002623,2011-10-13,4
002624,2011-10-28,4
002625,2011-11-03,4
002626,2011-10-28,4
002627,2011-11-03,4
002628,2011-11-03,4
002629,2011-11-03,4
002630,2011-11-11,4
002631,2011-11-11,4
002632,2011-11-22,4
002633,2011-11-22,4
002634,2011-12-05,4
002635,2011-11-25,4
002636,2011-11-25,4
002637,2011-11-25,4
002638,2011-11-25,4
002639,2011-12-05,4
002640,2011-12-08,4
002641,2011-12-08,4
002642,2011-12-20,4
002643,2011-12-20,4
002644,2011-12-22,4
002645,2011-12-20,4
002646,2011-12-22,4
002647,2011-12-28,4
002648,2011-12-28,4
002649,2012-01-06,4
002650,2012-01-06,4
002651,2012-01-06,4
002652,2012-01-19,4
002653,2012-01-17,4
002654,2012-02-17,4
002655,2012-02-17,4
002656,2012-02-28,4
002657,2012-02-28,4
002658,2012-03-09,4
002659,2012-03-09,4
002660,2012-03-16,4
002661,2012-03-16,4
002662,2012-03-09,4
002663,2012-03-16,4
002664,2012-03-16,4
002665,2012-03-27,4
002666,2012-03-27,4
002667,2012-03-29,4
002668,2012-04-16,4
002669,2012-04-16,4
002670,2012-04-16,4
002671,2012-04-26,4
002672,2012-04-26,4
002673,2012-05-03,4
002674,2012-05-07,4
002675,2012-05-25,4
002676,2012-05-25,4
002677,2012-05-25,4
002678,2012-05-30,4
002679,2012-06-05,4
002680,2012-06-05,4
002681,2012-06-05,4
002682,2012-06-12,4
002683,2012-06-12,4
002684,2012-06-12,4
002685,2012-06-12,4
002686,2012-07-03,4
002687,2012-07-13,4
002688,2012-07-13,4
002689,2012-07-17,4
002690,2012-07-31,4
002691,2012-07-31,4
002692,2012-08-08,4
002693,2012-08-08,4
002694,2012-08-16,4
002695,2012-09-05,4
002696,2012-09-05,4
002697,2012-09-05,4
002698,2012-09-11,4
002699,2012-09-11,4
002700,2012-09-21,4
002701,2012-10-11,4
002702,2012-10-11,4
002703,2012-11-02,4
002705,2014-01-21,4
002706,2014-01-21,4
002707,2014-01-23,4
002708,2014-01-21,4
002709,2014-01-23,4
002711,2014-01-27,4
002712,2014-01-23,4
002713,2014-02-19,4
002714,2014-01-28,4
002715,2014-02-19,4
002716,2014-01-28,4
002717,2014-02-19,4
002718,2014-01-28,4
002719,2014-01-28,4
002721,2014-01-27,4
002722,2014-01-28,4
002723,2014-01-29,4
002724,2014-11-04,4
002725,2014-01-29,4
002726,2014-06-26,4
002727,2014-07-02,4
002728,2014-07-31,4
002729,2014-09-12,4
002730,2014-10-09,4
002731,2014-11-04,4
002732,2014-12-05,4
002733,2014-12-03,4
002734,2015-01-27,4
002735,2014-12-03,4
002736,2014-12-29,4
002737,2014-12-30,4
002738,2014-12-30,4
002739,2015-01-22,4
002740,2015-01-22,4
002741,2015-02-16,4
002742,2015-02-17,4
002743,2015-02-17,4
002745,2015-02-17,4
002746,2015-02-16,4
002747,2015-03-20,4
002748,2015-03-19,4
002749,2015-03-20,4
002750,2015-03-24,4
002751,2015-04-24,4
002752,2015-04-22,4
002753,2015-05-19,4
002755,2015-05-15,4
002756,2015-05-15,4
002757,2015-05-27,4
002758,2015-05-27,4
002759,2015-05-28,4
002760,2015-06-11,4
002761,2015-06-10,4
002762,2015-06-10,4
002763,2015-06-10,4
002765,2015-06-12,4
002766,2015-06-11,4
002767,2015-06-12,4
002768,2015-06-30,4
002769,2015-06-29,4
002770,2015-06-30,4
002771,2015-06-29,4
002772,2015-06-26,4
002773,2015-06-26,4
002774,2017-03-24,4
002775,2015-06-29,4
002776,2015-06-26,4
002777,2015-12-31,4
002778,2016-01-06,4
002779,2015-12-09,4
002780,2015-12-09,4
002781,2015-12-22,4
002782,2015-12-22,4
002783,2015-12-09,4
002785,2015-12-23,4
002786,2015-12-23,4
002787,2015-12-31,4
002788,2016-02-18,4
002789,2016-03-11,4
002790,2016-03-08,4
002791,2016-03-29,4
002792,2016-03-28,4
002793,2016-04-15,4
002795,2016-04-28,4
002796,2016-05-10,4
002797,2016-05-11,4
002798,2016-05-25,4
002799,2016-06-08,4
002800,2016-05-30,4
002801,2016-06-22,4
002802,2016-06-29,4
002803,2016-07-12,4
002805,2016-07-07,4
002806,2016-07-26,4
002807,2016-09-02,4
002808,2016-08-12,4
002809,2016-08-23,4
002810,2016-08-26,4
002811,2016-09-08,4
002812,2016-09-14,4
002813,2016-10-12,4
002815,2016-10-12,4
002816,2016-10-25,4
002817,2016-10-25,4
002818,2016-11-09,4
002819,2016-11-11,4
002820,2016-11-18,4
002821,2016-11-18,4
002822,2016-11-29,4
002823,2016-11-24,4
002824,2017-01-12,4
002825,2016-11-29,4
002826,2016-12-09,4
002827,2016-12-09,4
002828,2016-12-08,4
002829,2016-12-13,4
002830,2016-12-13,4
002831,2016-12-16,4
002832,2016-12-23,4
002833,2016-12-28,4
002835,2016-12-28,4
002836,2016-12-29,4
002837,2016-12-29,4
002838,2017-01-06,4
002839,2017-01-24,4
002840,2017-01-10,4
002841,2017-01-19,4
002842,2017-01-19,4
002843,2017-01-20,4
002845,2017-01-25,4
002846,2017-02-07,4
002847,2017-02-08,4
002848,2017-02-13,4
002849,2017-02-17,4
002850,2017-03-02,4
002851,2017-03-06,4
002852,2017-03-10,4
002853,2017-03-10,4
002855,2017-03-21,4
002856,2017-03-20,4
002857,2017-03-23,4
002858,2017-03-24,4
002859,2017-04-07,4
002860,2017-04-12,4
002861,2017-04-13,4
002862,2017-04-11,4
002863,2017-04-18,4
002864,2017-11-16,4
002865,2017-04-25,4
002866,2017-04-26,4
002867,2017-04-27,4
002868,2017-05-03,4
002869,2017-05-15,4
002870,2017-05-15,4
002871,2017-05-11,4
002872,2017-05-19,4
002873,2017-05-19,4
002875,2017-06-01,4
002876,2017-05-25,4
002877,2017-06-05,4
002878,2017-06-06,4
002879,2017-07-07,4
002880,2017-06-16,4
002881,2017-06-22,4
002882,2017-07-17,4
002883,2017-06-20,4
002884,2017-07-11,4
002885,2017-06-27,4
002886,2017-06-27,4
002887,2017-08-01,4
002888,2017-07-21,4
002889,2017-07-31,4
002890,2017-08-02,4
002891,2017-08-21,4
002892,2017-08-17,4
002893,2017-09-15,4
002895,2017-08-25,4
002896,2017-08-29,4
002897,2017-09-07,4
002898,2017-09-12,4
002899,2017-09-15,4
002900,2017-09-22,4
002901,2017-09-22,4
002902,2017-09-29,4
002903,2017-10-13,4
002905,2017-10-16,4
002906,2017-10-13,4
002907,2017-10-20,4
002908,2017-10-20,4
002909,2017-10-26,4
002910,2017-10-31,4
002911,2017-11-22,4
002912,2017-11-21,4
002913,2017-12-01,4
002915,2017-12-05,4
002916,2017-12-13,4
002917,2017-12-08,4
002918,2017-12-19,4
002919,2017-12-18,4
002920,2017-12-26,4
002921,2017-12-27,4
002922,2017-12-29,4
002923,2018-01-05,4
002925,2018-01-15,4
002926,2018-02-05,4
002927,2018-02-23,4
002928,2018-03-02,4
002929,2018-03-01,4
002930,2018-03-28,4
002931,2018-04-03,4
002932,2018-07-10,4
002933,2018-08-28,4
002935,2018-09-03,4
002936,2018-09-19,4
002937,2018-09-26,4
002938,2018-09-18,4
002939,2018-10-26,4
002940,2018-10-23,4
002941,2018-11-28,4
002942,2018-12-05,4
002943,2018-11-29,4
002945,2019-01-17,4
002946,2019-01-25,4
002947,2019-02-01,4
002948,2019-01-16,4
002949,2019-02-26,4
002950,2019-03-11,4
002951,2019-03-15,4
002952,2019-03-28,4
002953,2019-05-09,4
002955,2019-05-23,4
002956,2019-06-19,4
002957,2019-07-26,4
002958,2019-03-26,4
002959,2019-08-23,4
002960,2019-08-09,4
002961,2019-09-05,4
002962,2019-09-17,4
002963,2019-10-28,4
002965,2019-10-25,4
002966,2019-08-02,4
002967,2019-11-08,4
002968,2019-12-03,4
002969,2019-12-02,4
002970,2019-12-17,4
002972,2019-12-27,4
003816,2019-08-26,4
200002,1993-05-28,8
200003,1993-06-29,8
200011,1992-03-30,8
200012,1992-02-28,8
200013,1992-05-06,8
200015,1992-06-25,8
200016,1992-03-27,8
200017,1992-03-31,8
200018,1992-06-16,8
200019,1992-10-12,8
200020,1992-04-28,8
200022,1993-05-05,8
200024,1993-06-07,8
200025,1993-06-21,8
200026,1993-06-03,8
200028,1993-08-09,8
200029,1994-01-10,8
200030,1993-09-29,8
200037,1994-11-28,8
200039,1994-03-23,8
200041,1994-05-30,8
200045,1994-08-15,8
200053,1995-07-28,8
200054,1995-07-25,8
200055,1995-11-29,8
200056,1995-10-30,8
200057,1995-12-21,8
200058,1996-07-22,8
200152,2000-09-12,8
200160,2000-09-29,8
200168,2000-10-27,8
200413,1996-07-08,8
200418,1996-07-18,8
200429,1996-08-15,8
200468,1997-05-22,8
200488,1997-05-26,8
200505,1995-06-29,8
200512,1993-06-30,8
200513,1993-07-20,8
200521,1996-08-28,8
200530,1998-03-20,8
200539,1995-06-28,8
200541,1995-08-08,8
200550,1995-09-29,8
200553,1997-05-15,8
200570,1996-09-13,8
200581,1995-09-11,8
200596,1996-06-12,8
200613,1996-10-08,8
200625,1996-11-08,8
200706,1997-03-25,8
200725,1997-06-10,8
200726,1997-08-19,8
200761,1997-07-08,8
200770,1998-04-15,8
200771,1998-04-28,8
200869,1997-09-23,8
200986,2000-07-06,8
200992,2000-07-24,8
201872,2018-12-26,8
300001,2009-10-30,16
300002,2009-10-30,16
300003,2009-10-30,16
300004,2009-10-30,16
300005,2009-10-30,16
300006,2009-10-30,16
300007,2009-10-30,16
300008,2009-10-30,16
300009,2009-10-30,16
300010,2009-10-30,16
300011,2009-10-30,16
300012,2009-10-30,16
300013,2009-10-30,16
300014,2009-10-30,16
300015,2009-10-30,16
300016,2009-10-30,16
300017,2009-10-30,16
300018,2009-10-30,16
300019,2009-10-30,16
300020,2009-10-30,16
300021,2009-10-30,16
300022,2009-10-30,16
300023,2009-10-30,16
300024,2009-10-30,16
300025,2009-10-30,16
300026,2009-10-30,16
300027,2009-10-30,16
300028,2009-10-30,16
300029,2009-12-25,16
300030,2009-12-25,16
300031,2009-12-25,16
300032,2009-12-25,16
300033,2009-12-25,16
300034,2009-12-25,16
300035,2009-12-25,16
300036,2009-12-25,16
300037,2010-01-08,16
300038,2010-01-08,16
300039,2010-01-08,16
300040,2010-01-08,16
300041,2010-01-08,16
300042,2010-01-08,16
300043,2010-01-20,16
300044,2010-01-20,16
300045,2010-01-20,16
300046,2010-01-20,16
300047,2010-01-20,16
300048,2010-01-20,16
300049,2010-01-20,16
300050,2010-01-20,16
300051,2010-02-11,16
300052,2010-02-11,16
300053,2010-02-11,16
300054,2010-02-11,16
300055,2010-02-26,16
300056,2010-02-26,16
300057,2010-02-26,16
300058,2010-02-26,16
300059,2010-03-19,16
300061,2010-03-19,16
300062,2010-03-19,16
300063,2010-03-26,16
300064,2010-03-26,16
300065,2010-03-26,16
300066,2010-03-26,16
300067,2010-04-21,16
300068,2010-04-21,16
300069,2010-04-21,16
300070,2010-04-21,16
300071,2010-04-21,16
300072,2010-04-27,16
300073,2010-04-27,16
300074,2010-04-27,16
300075,2010-04-27,16
300076,2010-04-30,16
300077,2010-04-30,16
300078,2010-04-30,16
300079,2010-04-30,16
300080,2010-06-25,16
300081,2010-05-20,16
300082,2010-05-20,16
300083,2010-05-20,16
300084,2010-05-20,16
300085,2010-05-26,16
300086,2010-05-26,16
300087,2010-05-26,16
300088,2010-05-26,16
300089,2010-06-25,16
300090,2010-06-25,16
300091,2010-06-25,16
300092,2010-07-08,16
300093,2010-07-08,16
300094,2010-07-08,16
300095,2010-07-28,16
300096,2010-07-28,16
300097,2010-07-28,16
300098,2010-07-28,16
300099,2010-08-06,16
300100,2010-08-06,16
300101,2010-08-06,16
300102,2010-08-12,16
300103,2010-08-12,16
300104,2010-08-12,16
300105,2010-08-20,16
300106,2010-08-20,16
300107,2010-08-20,16
300108,2010-08-25,16
300109,2010-08-25,16
300110,2010-08-25,16
300111,2010-08-27,16
300112,2010-08-27,16
300113,2010-08-27,16
300114,2010-08-27,16
300115,2010-09-02,16
300116,2010-09-02,16
300117,2010-09-02,16
300118,2010-09-02,16
300119,2010-09-17,16
300120,2010-09-17,16
300121,2010-09-17,16
300122,2010-09-28,16
300123,2010-09-28,16
300124,2010-09-28,16
300125,2010-10-13,16
300126,2010-10-13,16
300127,2010-10-13,16
300128,2010-10-13,16
300129,2010-10-19,16
300130,2010-10-19,16
300131,2010-10-19,16
300132,2010-10-26,16
300133,2010-10-26,16
300134,2010-10-26,16
300135,2010-10-26,16
300136,2010-11-05,16
300137,2010-11-05,16
300138,2010-11-05,16
300139,2010-11-12,16
300140,2010-11-12,16
300141,2010-11-12,16
300142,2010-11-12,16
300143,2010-12-09,16
300144,2010-12-09,16
300145,2010-12-09,16
300146,2010-12-15,16
300147,2010-12-15,16
300148,2010-12-15,16
300149,2010-12-22,16
300150,2010-12-22,16
300151,2010-12-22,16
300152,2010-12-29,16
300153,2010-12-29,16
300154,2010-12-29,16
300155,2011-01-07,16
300156,2011-01-07,16
300157,2011-01-07,16
300158,2011-01-07,16
300159,2011-01-07,16
300160,2011-01-13,16
300161,2011-01-13,16
300162,2011-01-13,16
300163,2011-01-13,16
300164,2011-01-13,16
300165,2011-01-25,16
300166,2011-01-25,16
300167,2011-01-25,16
300168,2011-01-25,16
300169,2011-01-25,16
300170,2011-02-01,16
300171,2011-02-01,16
300172,2011-02-01,16
300173,2011-02-01,16
300174,2011-02-01,16
300175,2011-02-15,16
300176,2011-02-15,16
300177,2011-02-15,16
300178,2011-02-15,16
300179,2011-02-15,16
300180,2011-02-22,16
300181,2011-02-22,16
300182,2011-02-22,16
300183,2011-02-22,16
300184,2011-02-22,16
300185,2011-03-08,16
300186,2011-03-08,16
300187,2011-03-08,16
300188,2011-03-16,16
300189,2011-03-16,16
300190,2011-03-16,16
300191,2011-03-16,16
300192,2011-03-22,16
300193,2011-03-22,16
300194,2011-03-22,16
300195,2011-03-29,16
300196,2011-03-29,16
300197,2011-03-29,16
300198,2011-04-07,16
300199,2011-04-07,16
300200,2011-04-07,16
300201,2011-04-07,16
300202,2011-04-15,16
300203,2011-04-15,16
300204,2011-04-15,16
300205,2011-04-21,16
300206,2011-04-21,16
300207,2011-04-21,16
300208,2011-04-26,16
300209,2011-04-26,16
300210,2011-04-26,16
300211,2011-05-05,16
300212,2011-05-05,16
300213,2011-05-05,16
300214,2011-05-11,16
300215,2011-05-11,16
300216,2011-05-11,16
300217,2011-05-18,16
300218,2011-05-18,16
300219,2011-05-18,16
300220,2011-05-25,16
300221,2011-05-25,16
300222,2011-05-25,16
300223,2011-05-31,16
300224,2011-05-31,16
300225,2011-05-31,16
300226,2011-06-08,16
300227,2011-06-08,16
300228,2011-06-08,16
300229,2011-06-15,16
300230,2011-06-15,16
300231,2011-06-15,16
300232,2011-06-22,16
300233,2011-06-22,16
300234,2011-06-22,16
300235,2011-06-29,16
300236,2011-06-29,16
300237,2011-06-29,16
300238,2011-07-06,16
300239,2011-07-06,16
300240,2011-07-06,16
300241,2011-07-12,16
300242,2011-07-12,16
300243,2011-07-12,16
300244,2011-07-19,16
300245,2011-07-19,16
300246,2011-07-19,16
300247,2011-07-29,16
300248,2011-07-29,16
300249,2011-08-03,16
300250,2011-08-03,16
300251,2011-08-03,16
300252,2011-08-18,16
300253,2011-08-18,16
300254,2011-08-19,16
300255,2011-08-19,16
300256,2011-08-19,16
300257,2011-08-19,16
300258,2011-08-26,16
300259,2011-08-31,16
300260,2011-09-06,16
300261,2011-09-06,16
300262,2011-09-16,16
300263,2011-09-16,16
300264,2011-09-16,16
300265,2011-09-16,16
300266,2011-09-27,16
300267,2011-09-27,16
300268,2011-09-27,16
300269,2011-10-12,16
300270,2011-10-12,16
300271,2011-10-26,16
300272,2011-11-02,16
300273,2011-10-26,16
300274,2011-11-02,16
300275,2011-11-02,16
300276,2011-11-15,16
300277,2011-11-23,16
300278,2011-12-16,16
300279,2011-12-29,16
300280,2011-12-29,16
300281,2011-12-29,16
300282,2011-12-29,16
300283,2012-01-10,16
300284,2012-01-10,16
300285,2012-01-13,16
300286,2012-01-13,16
300287,2012-02-01,16
300288,2012-02-16,16
300289,2012-02-16,16
300290,2012-02-16,16
300291,2012-02-09,16
300292,2012-02-29,16
300293,2012-03-08,16
300294,2012-03-08,16
300295,2012-03-15,16
300296,2012-03-15,16
300297,2012-03-15,16
300298,2012-03-19,16
300299,2012-03-19,16
300300,2012-03-19,16
300301,2012-03-21,16
300302,2012-03-21,16
300303,2012-03-19,16
300304,2012-03-21,16
300305,2012-03-29,16
300306,2012-03-29,16
300307,2012-03-29,16
300308,2012-04-10,16
300309,2012-04-10,16
300310,2012-04-25,16
300311,2012-04-25,16
300312,2012-05-08,16
300313,2012-04-25,16
300314,2012-05-08,16
300315,2012-05-11,16
300316,2012-05-11,16
300317,2012-05-11,16
300318,2012-05-23,16
300319,2012-05-23,16
300320,2012-06-01,16
300321,2012-05-23,16
300322,2012-06-08,16
300323,2012-06-01,16
300324,2012-06-08,16
300325,2012-06-01,16
300326,2012-06-13,16
300327,2012-06-13,16
300328,2012-06-19,16
300329,2012-06-19,16
300330,2012-06-19,16
300331,2012-06-28,16
300332,2012-06-28,16
300333,2012-06-28,16
300334,2012-07-05,16
300335,2012-07-10,16
300336,2012-07-10,16
300337,2012-07-18,16
300338,2012-07-26,16
300339,2012-07-18,16
300340,2012-07-26,16
300341,2012-07-26,16
300342,2012-07-26,16
300343,2012-08-01,16
300344,2012-08-01,16
300345,2012-08-01,16
300346,2012-08-07,16
300347,2012-08-17,16
300348,2012-08-17,16
300349,2012-08-17,16
300350,2012-08-21,16
300351,2012-09-20,16
300352,2012-09-12,16
300353,2012-09-27,16
300354,2012-09-20,16
300355,2012-09-27,16
300356,2012-10-09,16
300357,2014-01-21,16
300358,2014-01-21,16
300359,2014-01-21,16
300360,2014-01-21,16
300362,2014-01-21,16
300363,2014-01-29,16
300364,2015-01-21,16
300365,2014-01-23,16
300366,2014-01-27,16
300367,2014-01-29,16
300368,2014-01-23,16
300369,2014-01-29,16
300370,2014-01-23,16
300371,2014-01-23,16
300372,2014-01-27,16
300373,2014-01-23,16
300374,2015-03-19,16
300375,2014-01-27,16
300376,2014-01-27,16
300377,2014-01-27,16
300378,2014-01-27,16
300379,2014-01-28,16
300380,2014-01-28,16
300381,2014-01-28,16
300382,2014-01-29,16
300383,2014-01-29,16
300384,2014-08-01,16
300385,2014-06-26,16
300386,2014-06-26,16
300387,2014-07-02,16
300388,2014-08-01,16
300389,2014-08-01,16
300390,2014-07-31,16
300391,2014-08-01,16
300392,2014-09-10,16
300393,2014-09-12,16
300394,2015-02-17,16
300395,2014-09-10,16
300396,2014-09-10,16
300397,2014-09-10,16
300398,2014-10-09,16
300399,2014-10-09,16
300400,2014-10-10,16
300401,2014-10-09,16
300402,2014-10-10,16
300403,2014-10-30,16
300404,2015-04-24,16
300405,2014-10-30,16
300406,2014-10-30,16
300407,2014-12-03,16
300408,2014-12-03,16
300409,2014-12-03,16
300410,2014-12-31,16
300411,2014-12-31,16
300412,2014-12-31,16
300413,2015-01-21,16
300414,2015-05-13,16
300415,2015-01-23,16
300416,2015-01-22,16
300417,2015-01-23,16
300418,2015-01-21,16
300419,2015-01-22,16
300420,2015-02-17,16
300421,2015-02-17,16
300422,2015-02-17,16
300423,2015-02-17,16
300424,2015-04-22,16
300425,2015-02-16,16
300426,2015-02-17,16
300427,2015-02-17,16
300428,2015-03-19,16
300429,2015-03-24,16
300430,2015-03-19,16
300431,2015-03-24,16
300432,2015-03-19,16
300433,2015-03-18,16
300434,2015-04-24,16
300435,2015-03-26,16
300436,2015-04-22,16
300437,2015-04-23,16
300438,2015-04-24,16
300439,2015-04-22,16
300440,2015-04-23,16
300441,2015-04-23,16
300442,2015-04-24,16
300443,2015-04-22,16
300444,2015-04-23,16
300445,2015-04-24,16
300446,2015-04-23,16
300447,2015-04-22,16
300448,2015-04-24,16
300449,2015-04-22,16
300450,2015-05-18,16
300451,2015-05-14,16
300452,2015-05-15,16
300453,2015-05-15,16
300454,2018-05-16,16
300455,2015-05-15,16
300456,2015-05-14,16
300457,2015-05-14,16
300458,2015-05-15,16
300459,2015-05-15,16
300460,2015-05-15,16
300461,2015-05-19,16
300462,2015-05-27,16
300463,2015-05-28,16
300464,2015-06-10,16
300465,2015-05-28,16
300466,2015-05-28,16
300467,2015-05-27,16
300468,2015-05-27,16
300469,2015-06-11,16
300470,2015-06-12,16
300471,2015-06-11,16
300472,2015-06-11,16
300473,2015-06-12,16
300474,2016-03-31,16
300475,2015-06-10,16
300476,2015-06-11,16
300477,2015-06-10,16
300478,2015-06-10,16
300479,2015-06-12,16
300480,2015-07-02,16
300481,2015-06-30,16
300482,2015-06-30,16
300483,2015-06-30,16
300484,2016-03-22,16
300485,2015-06-26,16
300486,2015-06-30,16
300487,2015-07-02,16
300488,2015-07-01,16
300489,2015-07-01,16
300490,2015-12-31,16
300491,2015-12-31,16
300492,2015-12-23,16
300493,2015-12-10,16
300494,2015-12-31,16
300495,2015-12-22,16
300496,2015-12-10,16
300497,2015-12-22,16
300498,2015-11-02,16
300499,2016-02-02,16
300500,2016-02-04,16
300501,2016-02-04,16
300502,2016-03-03,16
300503,2016-03-09,16
300504,2018-03-30,16
300505,2016-03-15,16
300506,2016-03-24,16
300507,2016-04-29,16
300508,2016-04-19,16
300509,2016-04-25,16
300510,2016-05-06,16
300511,2016-05-04,16
300512,2016-05-26,16
300513,2016-05-30,16
300514,2017-04-26,16
300515,2016-06-08,16
300516,2016-06-02,16
300517,2016-07-19,16
300518,2016-06-24,16
300519,2016-06-24,16
300520,2016-07-08,16
300521,2016-07-05,16
300522,2016-07-05,16
300523,2016-07-26,16
300525,2016-07-26,16
300526,2016-08-02,16
300527,2016-08-05,16
300528,2016-08-08,16
300529,2016-08-02,16
300530,2016-08-09,16
300531,2016-08-09,16
300532,2016-08-18,16
300533,2016-08-18,16
300534,2016-09-13,16
300535,2016-08-12,16
300536,2016-09-20,16
300537,2016-08-30,16
300538,2016-08-26,16
300539,2016-08-30,16
300540,2016-08-23,16
300541,2016-09-13,16
300542,2016-09-20,16
300543,2016-09-08,16
300545,2016-09-28,16
300546,2016-09-28,16
300547,2016-09-30,16
300548,2016-10-12,16
300549,2016-09-30,16
300550,2016-10-18,16
300551,2016-10-18,16
300552,2016-10-21,16
300553,2016-10-21,16
300554,2017-04-21,16
300555,2016-10-18,16
300556,2016-11-04,16
300557,2016-11-01,16
300558,2016-11-07,16
300559,2016-11-01,16
300560,2016-11-01,16
300561,2016-11-17,16
300562,2016-11-16,16
300563,2016-11-14,16
300564,2019-11-08,16
300565,2016-11-22,16
300566,2016-11-15,16
300567,2016-11-22,16
300568,2016-12-01,16
300569,2016-11-25,16
300570,2016-12-06,16
300571,2016-12-13,16
300572,2016-12-06,16
300573,2016-12-08,16
300575,2016-12-20,16
300576,2016-12-20,16
300577,2016-12-21,16
300578,2017-01-25,16
300579,2016-12-23,16
300580,2017-01-11,16
300581,2016-12-20,16
300582,2016-12-28,16
300583,2017-01-06,16
300584,2017-01-12,16
300585,2016-12-29,16
300586,2017-01-04,16
300587,2017-01-05,16
300588,2017-01-05,16
300589,2017-01-13,16
300590,2017-01-11,16
300591,2017-01-10,16
300592,2017-01-20,16
300593,2017-01-13,16
300594,2019-06-21,16
300595,2017-01-17,16
300596,2017-01-19,16
300597,2017-01-23,16
300598,2017-01-20,16
300599,2017-01-23,16
300600,2017-01-25,16
300601,2017-02-07,16
300602,2017-01-26,16
300603,2017-01-26,16
300604,2017-04-17,16
300605,2017-02-08,16
300606,2017-02-08,16
300607,2017-02-09,16
300608,2017-02-13,16
300609,2017-02-15,16
300610,2017-02-13,16
300611,2017-02-20,16
300612,2017-02-15,16
300613,2017-02-20,16
300615,2017-02-15,16
300616,2017-03-07,16
300617,2017-02-28,16
300618,2017-03-06,16
300619,2017-03-01,16
300620,2017-03-10,16
300621,2017-03-16,16
300622,2017-03-15,16
300623,2017-03-14,16
300624,2018-01-18,16
300625,2017-03-17,16
300626,2017-03-20,16
300627,2017-03-21,16
300628,2017-03-17,16
300629,2017-03-24,16
300630,2017-03-28,16
300631,2017-03-23,16
300632,2017-04-06,16
300633,2017-04-06,16
300634,2018-03-23,16
300635,2017-03-31,16
300636,2017-03-31,16
300637,2017-04-12,16
300638,2017-04-13,16
300639,2017-04-12,16
300640,2017-04-17,16
300641,2017-04-18,16
300642,2017-04-21,16
300643,2017-05-05,16
300644,2018-02-06,16
300645,2017-04-21,16
300647,2017-05-03,16
300648,2017-04-25,16
300649,2017-05-05,16
300650,2017-05-03,16
300651,2017-05-09,16
300652,2017-05-16,16
300653,2017-05-16,16
300654,2017-09-26,16
300655,2017-05-23,16
300656,2017-05-19,16
300657,2017-05-23,16
300658,2017-06-02,16
300659,2017-05-26,16
300660,2017-06-02,16
300661,2017-06-06,16
300662,2017-06-08,16
300663,2017-06-08,16
300664,2018-01-05,16
300665,2017-06-13,16
300666,2017-06-15,16
300667,2017-06-19,16
300668,2017-06-19,16
300669,2017-06-29,16
300670,2017-07-03,16
300671,2017-07-05,16
300672,2017-07-12,16
300673,2017-07-11,16
300674,2018-11-07,16
300675,2017-07-19,16
300676,2017-07-14,16
300677,2017-07-21,16
300678,2017-07-28,16
300679,2017-07-31,16
300680,2017-07-25,16
300681,2017-07-25,16
300682,2017-08-01,16
300683,2017-08-08,16
300684,2017-12-27,16
300685,2017-08-02,16
300686,2017-08-04,16
300687,2017-08-03,16
300688,2017-08-10,16
300689,2017-08-09,16
300690,2017-08-08,16
300691,2017-08-11,16
300692,2017-08-21,16
300693,2017-08-22,16
300694,2018-10-15,16
300695,2017-09-08,16
300696,2017-08-22,16
300697,2017-09-07,16
300698,2017-08-31,16
300699,2017-09-01,16
300700,2017-09-12,16
300701,2017-09-15,16
300702,2017-09-19,16
300703,2017-09-19,16
300705,2017-10-10,16
300706,2017-09-26,16
300707,2017-10-10,16
300708,2017-10-16,16
300709,2017-10-19,16
300710,2017-10-19,16
300711,2017-11-01,16
300712,2017-10-31,16
300713,2017-11-01,16
300715,2017-10-26,16
300716,2017-11-09,16
300717,2017-11-06,16
300718,2017-11-06,16
300719,2017-11-09,16
300720,2017-11-06,16
300721,2017-11-15,16
300722,2017-11-10,16
300723,2017-11-16,16
300724,2018-08-10,16
300725,2017-11-10,16
300726,2017-11-21,16
300727,2017-11-27,16
300729,2017-12-01,16
300730,2017-12-05,16
300731,2017-12-08,16
300732,2017-12-12,16
300733,2018-01-16,16
300735,2017-12-29,16
300736,2018-01-09,16
300737,2018-01-25,16
300738,2018-01-19,16
300739,2018-02-01,16
300740,2018-02-08,16
300741,2018-03-01,16
300742,2018-05-08,16
300743,2018-04-27,16
300745,2018-05-23,16
300746,2018-05-25,16
300747,2018-06-25,16
300748,2018-09-21,16
300749,2018-09-25,16
300750,2018-06-11,16
300751,2018-11-09,16
300752,2018-11-30,16
300753,2018-12-13,16
300755,2019-01-29,16
300756,2018-12-28,16
300757,2019-01-08,16
300758,2019-02-22,16
300759,2019-01-28,16
300760,2018-10-16,16
300761,2019-02-18,16
300762,2019-03-14,16
300763,2019-03-19,16
300765,2019-03-22,16
300766,2019-03-25,16
300767,2019-03-29,16
300768,2019-04-12,16
300769,2019-04-15,16
300770,2019-04-19,16
300771,2019-04-22,16
300772,2019-04-26,16
300773,2019-04-25,16
300775,2019-05-21,16
300776,2019-05-17,16
300777,2019-05-16,16
300778,2019-05-10,16
300779,2019-05-22,16
300780,2019-05-31,16
300781,2019-06-06,16
300782,2019-06-18,16
300783,2019-07-12,16
300785,2019-07-15,16
300786,2019-07-23,16
300787,2019-08-15,16
300788,2019-07-05,16
300789,2019-08-28,16
300790,2019-09-20,16
300791,2019-09-25,16
300792,2019-09-27,16
300793,2019-10-18,16
300795,2019-10-22,16
300796,2019-11-15,16
300797,2019-11-01,16
300798,2019-11-22,16
300799,2019-10-29,16
300800,2019-11-06,16
300801,2019-11-28,16
300802,2019-11-14,16
300803,2019-11-18,16
300805,2019-11-21,16
300806,2019-11-25,16
300807,2019-12-19,16
300808,2019-11-29,16
300809,2019-12-04,16
300810,2019-12-06,16
300811,2019-12-30,16
600000,1999-11-10,1
600001,1998-01-22,1
600002,1998-04-08,1
600003,1999-08-10,1
600004,2003-04-28,1
600005,1999-08-03,1
600006,1999-07-27,1
600007,1999-03-12,1
600008,2000-04-27,1
600009,1998-02-18,1
600010,2001-03-09,1
600011,2001-12-06,1
600012,2003-01-07,1
600015,2003-09-12,1
600016,2000-12-19,1
600017,2006-10-17,1
600018,2006-10-26,1
600019,2000-12-12,1
600020,2003-08-08,1
600021,2003-10-29,1
600022,2004-06-29,1
600023,2013-12-19,1
600025,2017-12-15,1
600026,2002-05-23,1
600027,2005-02-03,1
600028,2001-08-08,1
600029,2003-07-25,1
600030,2003-01-06,1
600031,2003-07-03,1
600033,2001-02-09,1
600035,2004-03-10,1
600036,2002-04-09,1
600037,2001-02-08,1
600038,2000-12-18,1
600039,2003-03-25,1
600048,2006-07-31,1
600050,2002-10-09,1
600051,1997-04-10,1
600052,1997-04-15,1
600053,1997-04-18,1
600054,1997-05-06,1
600055,1997-05-19,1
600056,1997-05-15,1
600057,1997-06-04,1
600058,1997-05-28,1
600059,1997-05-16,1
600060,1997-04-22,1
600061,1997-05-19,1
600062,1997-05-22,1
600063,1997-05-28,1
600064,1997-05-06,1
600065,1997-05-23,1
600066,1997-05-08,1
600067,1997-05-08,1
600068,1997-05-26,1
600069,1997-04-30,1
600070,1997-06-04,1
600071,1997-05-28,1
600072,1997-06-03,1
600073,1997-07-04,1
600074,1997-06-23,1
600075,1997-06-17,1
600076,1997-05-26,1
600077,1997-05-20,1
600078,1997-06-27,1
600079,1997-06-06,1
600080,1997-06-12,1
600081,1997-07-03,1
600082,1997-06-20,1
600083,1997-06-06,1
600084,1997-07-11,1
600085,1997-06-25,1
600086,1997-06-06,1
600087,1997-06-12,1
600088,1997-06-16,1
600089,1997-06-18,1
600090,1997-06-16,1
600091,1997-07-04,1
600092,1997-06-26,1
600093,1997-06-26,1
600094,1997-07-03,1
600095,1997-07-08,1
600096,1997-07-09,1
600097,1997-06-19,1
600098,1997-07-18,1
600099,1997-07-04,1
600100,1997-06-27,1
600101,1997-06-27,1
600102,1997-08-28,1
600103,1997-07-03,1
600104,1997-11-25,1
600105,1997-09-29,1
600106,1997-06-18,1
600107,1997-11-06,1
600108,1997-08-18,1
600109,1997-08-07,1
600110,1997-10-07,1
600111,1997-09-24,1
600112,1997-11-27,1
600113,1997-10-21,1
600114,2004-05-11,1
600115,1997-11-05,1
600116,1997-08-04,1
600117,1997-10-15,1
600118,1997-09-08,1
600119,1998-01-15,1
600120,1997-12-01,1
600121,1998-01-07,1
600122,1998-04-20,1
600123,1998-12-17,1
600125,1998-05-11,1
600126,1998-03-11,1
600127,1998-05-06,1
600128,1997-09-01,1
600129,1997-11-18,1
600130,2000-07-06,1
600131,1998-04-02,1
600132,1997-10-30,1
600133,1998-02-12,1
600135,1998-01-22,1
600136,1998-03-03,1
600137,1998-04-16,1
600138,1997-12-03,1
600139,1998-02-25,1
600141,1999-06-16,1
600143,2004-06-23,1
600145,1999-09-23,1
600146,1999-07-07,1
600148,1998-05-20,1
600149,1999-10-14,1
600150,1998-05-20,1
600151,1998-06-05,1
600152,1998-06-09,1
600153,1998-06-16,1
600155,1998-09-18,1
600156,1998-05-27,1
600157,1998-05-13,1
600158,1998-03-27,1
600159,1998-05-26,1
600160,1998-06-26,1
600161,1998-06-16,1
600162,1998-06-09,1
600163,1998-06-02,1
600165,1998-05-29,1
600166,1998-06-02,1
600167,1999-01-28,1
600168,1998-04-27,1
600169,1998-09-04,1
600170,1998-06-23,1
600171,1998-09-24,1
600172,1998-11-26,1
600173,1999-04-15,1
600175,1999-04-08,1
600176,1999-04-22,1
600177,1998-11-19,1
600178,1998-10-14,1
600179,1998-11-04,1
600180,1998-07-03,1
600181,1998-09-28,1
600182,1999-05-07,1
600183,1998-10-28,1
600184,2003-11-06,1
600185,1999-06-11,1
600186,1998-08-25,1
600187,1998-11-11,1
600188,1998-07-01,1
600189,1998-10-07,1
600190,1999-06-09,1
600191,1998-12-10,1
600192,1998-12-24,1
600193,1999-05-27,1
600195,1999-01-07,1
600196,1998-08-07,1
600197,1999-09-16,1
600198,1998-10-21,1
600199,1998-08-12,1
600200,1999-04-01,1
600201,1999-01-15,1
600202,1999-06-03,1
600203,1999-05-14,1
600205,1999-06-30,1
600206,1999-03-19,1
600207,1999-07-14,1
600208,1999-06-23,1
600209,1999-03-25,1
600210,1999-08-24,1
600211,1999-07-21,1
600212,1999-08-17,1
600213,1999-08-31,1
600215,1999-09-09,1
600216,1999-10-21,1
600217,1999-12-16,1
600218,1998-12-03,1
600219,1999-12-23,1
600220,1999-09-27,1
600221,1999-11-25,1
600222,1999-11-05,1
600223,2000-01-13,1
600225,2000-01-27,1
600226,1999-11-16,1
600227,2000-02-21,1
600228,1999-01-19,1
600229,2000-03-09,1
600230,2000-04-06,1
600231,2000-05-11,1
600232,2000-06-02,1
600233,2000-06-08,1
600234,2000-06-15,1
600235,2000-06-15,1
600236,2000-03-23,1
600237,2000-06-09,1
600238,2000-01-20,1
600239,1999-12-02,1
600240,2000-06-28,1
600241,2000-11-28,1
600242,2000-12-07,1
600243,2000-11-20,1
600246,2000-09-22,1
600247,2000-11-23,1
600248,2000-06-22,1
600249,2004-01-30,1
600250,2001-03-06,1
600251,2003-06-09,1
600252,2000-11-30,1
600253,2000-12-27,1
600255,2000-11-22,1
600256,2000-05-26,1
600257,2000-06-12,1
600258,2000-06-01,1
600259,2000-05-25,1
600260,2000-07-06,1
600261,2000-07-20,1
600262,2000-06-30,1
600263,2000-07-25,1
600265,2000-08-25,1
600266,1999-02-03,1
600267,2000-07-25,1
600268,1999-11-18,1
600269,2000-05-18,1
600270,2000-12-28,1
600271,2003-07-11,1
600272,2001-02-28,1
600273,2003-06-27,1
600275,2000-08-10,1
600276,2000-10-18,1
600277,2000-07-25,1
600278,2000-07-12,1
600279,2000-07-31,1
600280,2000-09-26,1
600281,2000-11-09,1
600282,2000-09-19,1
600283,2000-10-18,1
600284,2004-03-16,1
600285,2000-10-18,1
600286,1999-12-09,1
600287,2000-09-01,1
600288,2000-11-29,1
600289,2000-07-20,1
600290,2000-11-06,1
600291,2000-07-31,1
600292,2000-11-01,1
600293,2000-09-19,1
600295,2001-04-26,1
600296,2000-07-19,1
600297,2000-11-16,1
600298,2000-08-18,1
600299,2000-04-20,1
600300,2000-06-30,1
600301,2000-07-12,1
600302,2000-12-13,1
600303,2000-12-26,1
600305,2001-02-06,1
600306,2000-12-26,1
600307,2000-12-20,1
600308,2000-09-28,1
600309,2001-01-05,1
600310,2001-02-28,1
600311,2001-06-26,1
600312,2001-02-21,1
600313,2001-01-19,1
600315,2001-03-15,1
600316,2000-12-15,1
600317,2002-01-31,1
600318,2000-12-08,1
600319,2001-03-26,1
600320,2000-12-21,1
600321,2001-05-24,1
600322,2001-09-10,1
600323,2000-12-25,1
600325,2004-02-25,1
600326,2001-01-16,1
600327,2002-06-25,1
600328,2000-12-22,1
600329,2001-06-06,1
600330,2001-01-18,1
600331,2001-12-20,1
600332,2001-02-06,1
600333,2000-12-11,1
600335,2001-03-05,1
600336,2000-12-29,1
600337,2000-11-27,1
600338,2000-12-27,1
600339,2000-12-25,1
600340,2003-12-30,1
600343,2003-04-08,1
600345,2000-12-22,1
600346,2001-08-20,1
600348,2003-08-21,1
600350,2002-03-18,1
600351,2002-09-26,1
600352,2003-08-01,1
600353,2002-11-20,1
600354,2004-01-15,1
600355,2002-06-13,1
600356,2001-04-19,1
600357,2002-09-06,1
600358,2000-09-22,1
600359,1999-04-29,1
600360,2001-03-16,1
600361,2001-11-29,1
600362,2002-01-11,1
600363,2001-03-29,1
600365,2001-01-15,1
600366,2000-10-30,1
600367,2001-03-20,1
600368,2000-12-21,1
600369,2001-01-09,1
600370,2003-03-06,1
600371,2002-09-16,1
600372,2001-07-06,1
600373,2002-03-04,1
600375,2003-04-01,1
600376,2001-03-12,1
600377,2001-01-16,1
600378,2001-01-11,1
600379,2002-01-16,1
600380,2001-06-08,1
600381,2001-05-08,1
600382,2001-01-18,1
600383,2001-04-12,1
600385,2001-07-23,1
600386,2001-02-16,1
600387,2004-02-18,1
600388,2000-12-29,1
600389,2001-01-10,1
600390,2001-01-15,1
600391,2001-12-12,1
600392,2003-05-29,1
600393,2001-03-19,1
600395,2001-05-31,1
600396,2001-03-28,1
600397,2002-07-02,1
600398,2000-12-28,1
600399,2000-12-29,1
600400,2001-01-08,1
600401,2003-09-24,1
600403,2003-10-09,1
600405,2004-04-01,1
600406,2003-10-16,1
600408,2003-02-12,1
600409,2003-06-18,1
600410,2004-04-27,1
600415,2002-05-09,1
600416,2002-07-18,1
600418,2001-08-24,1
600419,2001-06-28,1
600420,2004-06-16,1
600421,2004-06-07,1
600422,2000-12-06,1
600423,2003-07-17,1
600425,2003-07-24,1
600426,2002-06-20,1
600428,2002-04-18,1
600429,2003-09-15,1
600432,2003-09-05,1
600433,2003-06-19,1
600435,2003-07-04,1
600436,2003-06-16,1
600438,2004-03-02,1
600439,2003-07-10,1
600444,2004-02-19,1
600446,2003-12-24,1
600448,2001-09-03,1
600449,2003-08-29,1
600452,2004-03-03,1
600455,2004-03-29,1
600456,2002-04-12,1
600458,2002-12-19,1
600459,2003-05-16,1
600460,2003-03-11,1
600461,2004-06-01,1
600462,2003-09-03,1
600463,2004-03-18,1
600466,2001-02-12,1
600467,2004-04-05,1
600468,2001-06-15,1
600469,2003-10-21,1
600470,2004-03-05,1
600472,2005-05-09,1
600475,2003-07-21,1
600476,2003-12-10,1
600477,2003-11-10,1
600478,2003-09-18,1
600479,2004-03-12,1
600480,2003-08-15,1
600481,2003-04-22,1
600482,2004-07-14,1
600483,2004-05-31,1
600485,2003-08-07,1
600486,2002-04-25,1
600487,2003-08-22,1
600488,2001-06-18,1
600489,2003-08-14,1
600490,2003-06-26,1
600491,2004-05-24,1
600493,2004-04-21,1
600495,2004-05-26,1
600496,2002-06-05,1
600497,2004-04-20,1
600498,2001-08-23,1
600499,2002-10-10,1
600500,2000-03-01,1
600501,2001-06-15,1
600502,2003-04-15,1
600503,2002-07-09,1
600505,2002-05-30,1
600506,2001-12-26,1
600507,2003-09-30,1
600508,2001-08-29,1
600509,2002-02-28,1
600510,2002-06-18,1
600511,2002-11-27,1
600512,2002-12-26,1
600513,2003-03-19,1
600515,2002-08-06,1
600516,2002-08-30,1
600517,2003-10-10,1
600518,2001-03-19,1
600519,2001-08-27,1
600520,2002-01-08,1
600521,2003-03-04,1
600522,2002-10-24,1
600523,2001-12-27,1
600525,2002-12-02,1
600526,2002-07-22,1
600527,2003-11-27,1
600528,2001-05-28,1
600529,2002-06-03,1
600530,2001-07-02,1
600531,2002-07-30,1
600532,2002-10-31,1
600533,2002-03-28,1
600535,2002-08-23,1
600536,2002-05-17,1
600537,2003-01-23,1
600538,2003-01-14,1
600539,2001-08-24,1
600540,2004-01-07,1
600543,2004-03-24,1
600545,2003-12-03,1
600546,2003-07-31,1
600547,2003-08-28,1
600548,2001-12-25,1
600549,2002-11-07,1
600550,2001-02-28,1
600551,2002-09-05,1
600552,2002-11-08,1
600553,2002-08-22,1
600555,2001-03-28,1
600556,2001-08-07,1
600557,2002-09-18,1
600558,2001-02-27,1
600559,2002-10-29,1
600560,2002-09-19,1
600561,2002-07-16,1
600562,2003-01-28,1
600563,2002-12-10,1
600565,2002-07-23,1
600566,2001-08-22,1
600567,2001-12-18,1
600568,2001-05-18,1
600569,2001-08-20,1
600570,2003-12-16,1
600571,2002-11-01,1
600572,2004-04-12,1
600573,2003-02-26,1
600575,2003-03-28,1
600576,2003-02-20,1
600577,2002-09-11,1
600578,2002-05-10,1
600579,2002-08-09,1
600580,2002-06-06,1
600581,2002-08-16,1
600582,2002-05-15,1
600583,2002-02-05,1
600584,2003-06-03,1
600585,2002-02-07,1
600586,2002-08-15,1
600587,2002-09-27,1
600588,2001-05-18,1
600589,2001-06-12,1
600590,2002-07-03,1
600591,2002-10-11,1
600592,2002-08-05,1
600593,2002-07-11,1
600594,2004-03-23,1
600595,2002-06-26,1
600596,2001-09-06,1
600597,2002-08-28,1
600598,2002-03-29,1
600599,2001-08-28,1
600600,1993-08-27,1
600601,1990-12-19,1
600602,1990-12-19,1
600603,1992-01-13,1
600604,1992-03-27,1
600605,1992-03-27,1
600606,1992-03-27,1
600607,1992-03-27,1
600608,1992-03-27,1
600609,1992-07-24,1
600610,1992-08-05,1
600611,1992-08-07,1
600612,1992-08-14,1
600613,1992-08-20,1
600614,1992-08-28,1
600615,1992-09-10,1
600616,1992-09-29,1
600617,1992-10-13,1
600618,1992-11-13,1
600619,1992-11-16,1
600620,1992-11-17,1
600621,1992-12-02,1
600622,1992-12-03,1
600623,1992-12-04,1
600624,1993-01-05,1
600625,1993-01-06,1
600626,1993-01-07,1
600627,1993-01-18,1
600628,1993-01-19,1
600629,1993-02-09,1
600630,1993-02-09,1
600631,1993-02-19,1
600632,1993-02-19,1
600633,1993-03-04,1
600634,1993-03-04,1
600635,1993-03-04,1
600636,1993-03-16,1
600637,1993-03-16,1
600638,1993-03-26,1
600639,1993-03-26,1
600640,1993-04-07,1
600641,1993-04-07,1
600642,1993-04-16,1
600643,1993-04-26,1
600644,1993-04-26,1
600645,1993-05-04,1
600646,1993-05-04,1
600647,1993-05-04,1
600648,1993-05-04,1
600649,1993-05-18,1
600650,1993-06-07,1
600651,1990-12-19,1
600652,1990-12-19,1
600653,1990-12-19,1
600654,1990-12-19,1
600655,1992-09-02,1
600656,1990-12-19,1
600657,1993-05-24,1
600658,1993-05-24,1
600659,1993-05-28,1
600660,1993-06-10,1
600661,1993-06-14,1
600662,1993-06-14,1
600663,1993-06-28,1
600664,1993-06-29,1
600665,1993-07-09,1
600666,1993-07-12,1
600667,1993-07-28,1
600668,1993-07-28,1
600669,1993-08-06,1
600670,1993-08-09,1
600671,1993-08-23,1
600672,1993-09-17,1
600673,1993-09-17,1
600674,1993-09-24,1
600675,1993-09-24,1
600676,1993-09-28,1
600677,1993-09-28,1
600678,1993-10-08,1
600679,1993-10-08,1
600680,1993-10-18,1
600681,1993-10-18,1
600682,1993-10-18,1
600683,1993-10-25,1
600684,1993-10-28,1
600685,1993-10-28,1
600686,1993-11-08,1
600687,1993-11-08,1
600688,1993-11-08,1
600689,1993-11-08,1
600690,1993-11-19,1
600691,1993-11-19,1
600692,1993-11-19,1
600693,1993-11-22,1
600694,1993-11-22,1
600695,1993-11-22,1
600696,1993-12-06,1
600697,1993-12-06,1
600698,1993-12-06,1
600699,1993-12-06,1
600700,1996-04-30,1
600701,1996-05-28,1
600702,1996-05-24,1
600703,1996-05-28,1
600704,1996-06-06,1
600705,1996-05-16,1
600706,1996-05-16,1
600707,1996-05-20,1
600708,1996-06-06,1
600709,1996-06-18,1
600710,1996-07-01,1
600711,1996-05-31,1
600712,1996-06-26,1
600713,1996-07-01,1
600714,1996-06-06,1
600715,1996-07-01,1
600716,1996-07-02,1
600717,1996-06-14,1
600718,1996-06-18,1
600719,1996-07-16,1
600720,1996-07-16,1
600721,1996-06-26,1
600722,1996-06-26,1
600723,1996-07-16,1
600724,1996-07-16,1
600725,1996-07-02,1
600726,1996-07-01,1
600727,1996-07-02,1
600728,1996-07-16,1
600729,1996-07-02,1
600730,1996-07-26,1
600731,1996-08-02,1
600732,1996-08-16,1
600733,1996-08-16,1
600734,1996-08-08,1
600735,1996-07-26,1
600736,1996-08-15,1
600737,1996-07-31,1
600738,1996-08-02,1
600739,1996-08-19,1
600740,1996-08-08,1
600741,1996-08-26,1
600742,1996-08-26,1
600743,1996-09-09,1
600744,1996-09-05,1
600745,1996-08-28,1
600746,1996-09-18,1
600747,1996-09-16,1
600748,1996-09-25,1
600749,1996-10-15,1
600750,1996-09-23,1
600751,1996-09-09,1
600752,1996-09-25,1
600753,1996-09-27,1
600754,1996-10-11,1
600755,1996-10-03,1
600756,1996-09-23,1
600757,1996-10-03,1
600758,1996-10-29,1
600759,1996-10-08,1
600760,1996-10-11,1
600761,1996-10-09,1
600762,1996-10-25,1
600763,1996-10-30,1
600764,1996-11-04,1
600765,1996-11-06,1
600766,1996-10-28,1
600767,1996-11-15,1
600768,1996-11-11,1
600769,1996-11-01,1
600770,1996-11-20,1
600771,1996-11-05,1
600772,1996-11-04,1
600773,1996-11-08,1
600774,1996-11-08,1
600775,1996-11-18,1
600776,1996-11-26,1
600777,1996-11-21,1
600778,1996-12-03,1
600779,1996-12-06,1
600780,1996-12-05,1
600781,1996-12-18,1
600782,1996-12-25,1
600783,1996-12-25,1
600784,1996-12-25,1
600785,1997-01-08,1
600786,1996-12-27,1
600787,1997-01-21,1
600788,1996-12-30,1
600789,1997-02-26,1
600790,1997-02-28,1
600791,1997-01-30,1
600792,1997-01-23,1
600793,1997-02-20,1
600794,1997-03-06,1
600795,1997-03-18,1
600796,1997-04-08,1
600797,1997-04-18,1
600798,1997-04-23,1
600799,1997-04-16,1
600800,1993-12-06,1
600801,1994-01-03,1
600802,1994-01-03,1
600803,1994-01-03,1
600804,1994-01-03,1
600805,1994-01-03,1
600806,1994-01-03,1
600807,1994-01-03,1
600808,1994-01-06,1
600809,1994-01-06,1
600810,1994-01-06,1
600811,1994-01-06,1
600812,1994-01-14,1
600813,1994-01-14,1
600814,1994-01-14,1
600815,1994-01-28,1
600816,1994-01-28,1
600817,1994-01-28,1
600818,1994-01-28,1
600819,1994-01-28,1
600820,1994-01-28,1
600821,1994-01-28,1
600822,1994-02-04,1
600823,1994-02-04,1
600824,1994-02-04,1
600825,1994-02-04,1
600826,1994-02-04,1
600827,1994-02-04,1
600828,1994-02-24,1
600829,1994-02-24,1
600830,1994-02-24,1
600831,1994-02-24,1
600832,1994-02-24,1
600833,1994-02-24,1
600834,1994-02-24,1
600835,1994-02-24,1
600836,1994-02-24,1
600837,1994-02-24,1
600838,1994-02-24,1
600839,1994-03-11,1
600840,1994-03-11,1
600841,1994-03-11,1
600842,1994-03-11,1
600843,1994-03-11,1
600844,1994-03-11,1
600845,1994-03-11,1
600846,1994-03-11,1
600847,1994-03-24,1
600848,1994-03-24,1
600849,1994-03-24,1
600850,1994-03-24,1
600851,1994-04-04,1
600852,1994-04-04,1
600853,1994-04-04,1
600854,1994-04-25,1
600855,1994-04-25,1
600856,1994-04-25,1
600857,1994-04-25,1
600858,1994-05-06,1
600859,1994-05-06,1
600860,1994-05-06,1
600861,1994-05-20,1
600862,1994-05-20,1
600863,1994-05-20,1
600864,1994-08-09,1
600865,1994-08-09,1
600866,1994-08-18,1
600867,1994-08-24,1
600868,1994-09-12,1
600869,1995-02-06,1
600870,1995-02-28,1
600871,1995-04-11,1
600872,1995-01-24,1
600873,1995-02-17,1
600874,1995-06-30,1
600875,1995-10-10,1
600876,1995-10-31,1
600877,1995-10-13,1
600878,1995-10-13,1
600879,1995-11-15,1
600880,1995-11-15,1
600881,1995-11-15,1
600882,1995-12-06,1
600883,1995-12-08,1
600884,1996-01-30,1
600885,1996-02-05,1
600886,1996-01-18,1
600887,1996-03-12,1
600888,1996-02-15,1
600889,1996-03-08,1
600890,1996-03-18,1
600891,1996-03-25,1
600892,1996-03-15,1
600893,1996-04-08,1
600894,1996-03-28,1
600895,1996-04-22,1
600896,1996-05-03,1
600897,1996-05-31,1
600898,1996-04-18,1
600899,1996-04-26,1
600900,2003-11-18,1
600901,2018-03-01,1
600903,2017-11-07,1
600908,2016-09-23,1
600909,2016-12-06,1
600917,2014-09-30,1
600919,2016-08-02,1
600926,2016-10-27,1
600928,2019-03-01,1
600929,2018-03-26,1
600933,2017-11-17,1
600936,2016-08-15,1
600939,2017-02-21,1
600958,2015-03-23,1
600959,2015-04-28,1
600960,2004-04-07,1
600961,2004-08-30,1
600962,2004-06-22,1
600963,2004-05-25,1
600965,2004-07-13,1
600966,2004-06-08,1
600967,2004-05-18,1
600968,2019-06-26,1
600969,2004-04-08,1
600970,2005-04-12,1
600971,2004-08-17,1
600973,2004-08-02,1
600975,2004-06-09,1
600976,2004-04-19,1
600977,2016-08-09,1
600978,2004-08-24,1
600979,2004-09-06,1
600980,2004-05-12,1
600981,2004-06-30,1
600982,2004-07-06,1
600983,2004-07-27,1
600984,2004-07-07,1
600985,2004-04-28,1
600986,2004-04-26,1
600987,2004-08-09,1
600988,2004-04-14,1
600989,2019-05-16,1
600990,2004-05-10,1
600991,2004-06-14,1
600992,2004-05-14,1
600993,2004-05-17,1
600995,2004-06-15,1
600996,2016-12-26,1
600997,2004-06-02,1
600998,2010-11-02,1
600999,2009-11-17,1
601000,2010-07-05,1
601001,2006-06-23,1
601002,2007-01-26,1
601003,2007-02-27,1
601005,2007-02-28,1
601006,2006-08-01,1
601007,2007-04-06,1
601008,2007-04-26,1
601009,2007-07-19,1
601010,2011-06-03,1
601011,2011-03-09,1
601012,2012-04-11,1
601015,2014-11-05,1
601016,2014-09-29,1
601018,2010-09-28,1
601019,2017-11-22,1
601020,2016-03-16,1
601021,2015-01-21,1
601028,2011-11-07,1
601038,2012-08-08,1
601058,2011-06-30,1
601066,2018-06-20,1
601068,2018-08-31,1
601069,2015-01-22,1
601077,2019-10-29,1
601086,2017-09-29,1
601088,2007-10-09,1
601098,2010-10-28,1
601099,2007-12-28,1
601100,2011-10-28,1
601101,2010-03-31,1
601106,2010-02-09,1
601107,2009-07-27,1
601108,2017-10-24,1
601111,2006-08-18,1
601113,2011-05-09,1
601116,2011-03-02,1
601117,2010-01-07,1
601118,2011-01-07,1
601126,2010-12-31,1
601127,2016-06-15,1
601128,2016-09-30,1
601137,2011-01-27,1
601138,2018-06-08,1
601139,2009-12-25,1
601155,2015-12-04,1
601158,2010-03-29,1
601162,2018-10-19,1
601163,2016-09-09,1
601166,2007-02-05,1
601168,2007-07-12,1
601169,2007-09-19,1
601177,2010-10-11,1
601179,2010-01-28,1
601186,2008-03-10,1
601188,2010-03-19,1
601198,2015-02-26,1
601199,2011-03-17,1
601200,2017-03-31,1
601208,2011-05-20,1
601211,2015-06-26,1
601212,2017-02-15,1
601216,2011-02-22,1
601218,2011-05-06,1
601222,2011-08-08,1
601225,2014-01-28,1
601226,2014-12-11,1
601228,2017-03-29,1
601229,2016-11-16,1
601231,2012-02-20,1
601233,2011-05-18,1
601236,2019-07-05,1
601238,2012-03-29,1
601258,2011-04-28,1
601268,2010-02-02,1
601288,2010-07-15,1
601298,2019-01-21,1
601299,2009-12-29,1
601311,2011-06-02,1
601313,2012-01-16,1
601318,2007-03-01,1
601319,2018-11-16,1
601326,2017-08-16,1
601328,2007-05-15,1
601330,2018-06-11,1
601333,2006-12-22,1
601336,2011-12-16,1
601339,2012-06-12,1
601360,2018-02-28,1
601366,2017-04-12,1
601368,2015-06-12,1
601369,2010-04-28,1
601375,2017-01-03,1
601377,2010-10-13,1
601388,2012-04-23,1
601390,2007-12-03,1
601398,2006-10-27,1
601500,2016-09-19,1
601512,2019-12-20,1
601515,2012-02-16,1
601518,2010-03-19,1
601519,2011-01-28,1
601555,2011-12-12,1
601558,2011-01-13,1
601566,2011-05-30,1
601567,2011-06-15,1
601577,2018-09-26,1
601579,2014-08-25,1
601588,2006-10-16,1
601595,2016-08-17,1
601598,2019-01-18,1
601599,2011-05-27,1
601600,2007-04-30,1
601601,2007-12-25,1
601606,2018-08-06,1
601607,2010-03-05,1
601608,2012-07-06,1
601611,2016-06-06,1
601615,2019-01-23,1
601616,2011-02-01,1
601618,2009-09-21,1
601619,2017-07-20,1
601628,2007-01-09,1
601633,2011-09-28,1
601636,2011-08-12,1
601658,2019-12-10,1
601666,2006-11-23,1
601668,2009-07-29,1
601669,2011-10-18,1
601677,2011-09-19,1
601678,2010-02-23,1
601688,2010-02-26,1
601689,2015-03-19,1
601698,2019-06-28,1
601699,2006-09-22,1
601700,2011-01-18,1
601717,2010-08-03,1
601718,2010-08-16,1
601727,2008-12-05,1
601766,2008-08-18,1
601777,2010-11-25,1
601788,2009-08-18,1
601789,2011-08-16,1
601798,2011-06-22,1
601799,2011-02-01,1
601800,2012-03-09,1
601801,2010-01-18,1
601808,2007-09-28,1
601811,2016-08-08,1
601818,2010-08-18,1
601828,2018-01-17,1
601838,2018-01-31,1
601857,2007-11-05,1
601858,2017-01-18,1
601860,2019-01-03,1
601865,2019-02-15,1
601866,2007-12-12,1
601869,2018-07-20,1
601872,2006-12-01,1
601877,2010-01-21,1
601878,2017-06-26,1
601880,2010-12-06,1
601881,2017-01-23,1
601882,2016-11-07,1
601886,2011-08-18,1
601888,2009-10-15,1
601890,2010-12-28,1
601898,2008-02-01,1
601899,2008-04-25,1
601900,2016-02-15,1
601901,2011-08-10,1
601908,2011-09-08,1
601916,2019-11-26,1
601918,2007-12-19,1
601919,2007-06-26,1
601928,2011-11-30,1
601929,2012-02-23,1
601933,2010-12-15,1
601939,2007-09-25,1
601949,2017-08-21,1
601952,2017-05-15,1
601958,2008-04-17,1
601965,2012-06-11,1
601966,2016-07-06,1
601968,2015-06-11,1
601969,2014-12-09,1
601975,2019-01-08,1
601985,2015-06-10,1
601988,2006-07-05,1
601989,2009-12-16,1
601990,2018-06-13,1
601991,2006-12-20,1
601992,2011-03-01,1
601996,2011-09-29,1
601997,2016-08-16,1
601998,2007-04-27,1
601999,2007-12-21,1
603000,2012-04-27,1
603001,2012-04-26,1
603002,2012-05-18,1
603003,2012-08-17,1
603005,2014-02-10,1
603006,2014-06-30,1
603007,2016-08-26,1
603008,2012-07-17,1
603009,2014-07-18,1
603010,2014-10-10,1
603011,2014-11-07,1
603012,2015-03-20,1
603013,2018-05-09,1
603015,2015-03-03,1
603016,2016-07-01,1
603017,2014-12-31,1
603018,2014-10-13,1
603019,2014-11-06,1
603020,2015-03-25,1
603021,2015-04-23,1
603022,2015-05-18,1
603023,2015-05-27,1
603025,2015-04-22,1
603026,2015-05-29,1
603027,2016-03-07,1
603028,2016-03-31,1
603029,2016-04-27,1
603030,2015-03-20,1
603031,2016-08-22,1
603032,2017-01-05,1
603033,2016-12-07,1
603035,2017-01-05,1
603036,2016-12-09,1
603037,2017-01-20,1
603038,2017-01-16,1
603039,2017-01-13,1
603040,2017-02-09,1
603041,2017-03-30,1
603042,2017-06-02,1
603043,2017-06-27,1
603045,2018-05-17,1
603050,2017-04-14,1
603053,2019-12-17,1
603055,2017-09-21,1
603056,2018-01-16,1
603058,2016-12-23,1
603059,2018-03-02,1
603060,2016-11-09,1
603063,2017-07-28,1
603066,2015-06-11,1
603067,2016-09-13,1
603068,2019-04-15,1
603069,2016-07-12,1
603076,2017-11-13,1
603077,2012-07-31,1
603078,2017-04-10,1
603079,2017-08-23,1
603080,2018-01-03,1
603081,2017-04-20,1
603083,2017-11-10,1
603085,2015-06-30,1
603086,2017-05-11,1
603088,2014-11-11,1
603089,2017-01-26,1
603090,2016-08-31,1
603093,2019-08-30,1
603096,2017-04-25,1
603098,2016-12-16,1
603099,2014-08-22,1
603100,2014-08-05,1
603101,2016-05-06,1
603103,2017-10-12,1
603105,2018-07-09,1
603106,2017-09-20,1
603108,2015-05-27,1
603109,2019-12-31,1
603110,2017-10-13,1
603111,2014-08-01,1
603113,2017-05-11,1
603115,2019-08-09,1
603116,2015-06-29,1
603117,2015-06-29,1
603118,2015-02-25,1
603121,2019-01-11,1
603123,2012-05-03,1
603126,2014-07-31,1
603127,2017-08-25,1
603128,2012-05-29,1
603129,2017-08-18,1
603131,2016-06-07,1
603133,2017-03-20,1
603136,2017-09-27,1
603138,2017-03-06,1
603139,2017-04-21,1
603156,2018-02-12,1
603157,2017-09-25,1
603158,2015-03-20,1
603159,2016-08-12,1
603160,2016-10-17,1
603161,2018-01-05,1
603165,2017-01-17,1
603166,2014-11-27,1
603167,2012-09-06,1
603168,2014-07-02,1
603169,2014-10-09,1
603177,2017-02-07,1
603178,2017-03-28,1
603179,2017-03-17,1
603180,2017-05-12,1
603181,2017-08-24,1
603183,2017-09-05,1
603185,2018-12-28,1
603186,2017-01-03,1
603187,2018-11-29,1
603188,2014-09-09,1
603189,2016-09-14,1
603192,2018-08-28,1
603196,2017-05-31,1
603197,2017-05-19,1
603198,2015-05-28,1
603199,2015-03-26,1
603200,2017-06-01,1
603203,2016-11-08,1
603208,2017-02-10,1
603214,2018-03-30,1
603217,2019-06-20,1
603218,2016-12-28,1
603220,2018-11-15,1
603222,2015-02-17,1
603223,2015-06-30,1
603225,2017-04-18,1
603226,2017-06-15,1
603227,2015-05-15,1
603228,2017-01-06,1
603229,2017-05-09,1
603232,2017-04-21,1
603233,2017-07-31,1
603236,2019-07-16,1
603238,2017-02-22,1
603239,2016-12-30,1
603256,2019-07-19,1
603258,2016-10-26,1
603259,2018-05-08,1
603260,2017-10-30,1
603266,2017-01-10,1
603267,2019-05-15,1
603268,2015-03-19,1
603269,2017-05-17,1
603277,2017-09-11,1
603278,2017-11-13,1
603279,2019-07-29,1
603283,2017-12-25,1
603286,2017-06-27,1
603288,2014-02-11,1
603289,2017-10-31,1
603297,2018-09-10,1
603298,2016-12-27,1
603299,2015-12-31,1
603300,2015-05-29,1
603301,2018-04-12,1
603303,2017-03-30,1
603305,2017-07-10,1
603306,2014-09-26,1
603308,2014-01-22,1
603309,2015-03-02,1
603311,2015-05-18,1
603313,2016-10-13,1
603315,2015-04-24,1
603316,2017-06-19,1
603317,2019-04-16,1
603318,2015-04-24,1
603319,2016-11-30,1
603320,2017-05-02,1
603321,2017-09-15,1
603322,2016-07-28,1
603323,2016-11-29,1
603326,2017-06-16,1
603327,2019-05-23,1
603328,2014-07-01,1
603329,2017-12-29,1
603330,2017-02-13,1
603331,2017-07-05,1
603332,2019-01-17,1
603333,2012-05-07,1
603335,2017-06-20,1
603336,2016-11-24,1
603337,2017-01-19,1
603338,2015-03-25,1
603339,2016-05-19,1
603345,2017-02-22,1
603348,2018-04-26,1
603351,2019-01-30,1
603355,2015-05-13,1
603356,2018-01-24,1
603357,2017-08-01,1
603358,2017-01-25,1
603359,2017-09-01,1
603360,2017-02-06,1
603363,2017-09-26,1
603365,2017-11-20,1
603366,2012-05-21,1
603367,2017-09-29,1
603368,2014-12-04,1
603369,2014-07-03,1
603377,2016-02-05,1
603378,2017-09-28,1
603379,2019-04-02,1
603380,2017-06-22,1
603383,2017-05-22,1
603385,2017-04-05,1
603386,2017-09-12,1
603387,2017-07-17,1
603388,2017-03-24,1
603389,2016-12-15,1
603390,2019-11-25,1
603393,2016-09-12,1
603396,2017-10-18,1
603398,2015-12-09,1
603399,2012-08-24,1
603416,2016-12-21,1
603421,2016-10-11,1
603429,2017-01-24,1
603444,2017-01-04,1
603456,2014-10-10,1
603458,2017-08-09,1
603466,2017-10-20,1
603477,2017-12-18,1
603486,2018-05-28,1
603488,2017-05-16,1
603489,2019-11-11,1
603496,2017-06-07,1
603499,2017-10-16,1
603500,2017-09-04,1
603501,2017-05-04,1
603505,2017-05-03,1
603506,2018-02-01,1
603507,2017-11-06,1
603508,2015-12-24,1
603515,2016-08-19,1
603516,2018-02-02,1
603517,2017-03-17,1
603518,2014-12-03,1
603519,2015-03-19,1
603520,2016-03-09,1
603527,2017-09-07,1
603528,2016-05-03,1
603530,2019-08-05,1
603533,2017-09-21,1
603535,2017-08-08,1
603536,2017-06-13,1
603538,2017-04-07,1
603555,2014-01-24,1
603556,2016-11-10,1
603557,2017-08-18,1
603558,2015-01-27,1
603559,2016-12-02,1
603566,2015-05-18,1
603567,2015-04-24,1
603568,2015-05-28,1
603569,2016-08-10,1
603577,2016-12-22,1
603578,2017-03-06,1
603579,2017-01-11,1
603580,2017-05-25,1
603583,2018-09-21,1
603585,2016-12-14,1
603586,2017-04-06,1
603587,2018-06-22,1
603588,2014-12-29,1
603589,2015-06-29,1
603590,2018-08-27,1
603595,2017-07-12,1
603596,2018-04-27,1
603598,2015-05-27,1
603599,2015-05-13,1
603600,2015-01-23,1
603601,2015-01-22,1
603602,2017-08-10,1
603603,2017-02-17,1
603605,2017-11-15,1
603606,2014-10-15,1
603607,2017-10-25,1
603608,2016-02-18,1
603609,2014-08-08,1
603610,2019-10-29,1
603611,2015-01-28,1
603612,2017-07-18,1
603613,2019-07-30,1
603615,2017-02-13,1
603616,2015-06-11,1
603617,2017-07-03,1
603618,2015-02-17,1
603619,2017-11-17,1
603626,2017-02-09,1
603628,2017-01-12,1
603629,2018-12-24,1
603630,2017-03-13,1
603633,2016-11-17,1
603636,2014-12-30,1
603637,2017-02-08,1
603638,2017-01-20,1
603639,2017-01-12,1
603648,2017-09-13,1
603650,2018-06-27,1
603655,2017-12-29,1
603656,2017-03-21,1
603657,2018-07-30,1
603658,2016-09-01,1
603659,2017-11-03,1
603660,2016-12-01,1
603661,2017-11-21,1
603662,2019-08-06,1
603663,2016-08-01,1
603665,2017-03-13,1
603666,2018-06-12,1
603667,2016-10-25,1
603668,2017-01-17,1
603669,2015-05-28,1
603676,2017-07-21,1
603677,2017-02-06,1
603678,2015-01-26,1
603679,2017-06-21,1
603680,2018-02-27,1
603681,2019-03-26,1
603683,2017-10-20,1
603685,2017-11-27,1
603686,2015-01-26,1
603687,2019-07-26,1
603688,2014-10-31,1
603689,2017-01-10,1
603690,2017-01-13,1
603693,2018-07-03,1
603696,2015-12-09,1
603697,2019-05-08,1
603698,2015-01-28,1
603699,2014-01-17,1
603700,2019-01-22,1
603701,2016-04-12,1
603703,2015-04-23,1
603706,2018-07-09,1
603707,2017-07-19,1
603708,2016-12-13,1
603709,2018-02-08,1
603711,2017-11-30,1
603712,2018-02-26,1
603713,2018-07-13,1
603716,2016-10-31,1
603717,2017-03-27,1
603718,2015-05-15,1
603721,2017-08-11,1
603722,2017-10-25,1
603725,2017-09-06,1
603726,2016-04-21,1
603727,2016-11-22,1
603728,2017-05-09,1
603729,2015-03-24,1
603730,2017-07-28,1
603733,2018-04-20,1
603737,2016-06-03,1
603738,2016-09-28,1
603739,2019-01-16,1
603755,2019-08-28,1
603757,2017-07-11,1
603758,2017-05-17,1
603766,2012-08-10,1
603767,2017-06-13,1
603768,2017-03-24,1
603773,2018-04-17,1
603776,2017-08-17,1
603777,2016-10-12,1
603778,2015-12-31,1
603779,2016-05-16,1
603786,2019-10-15,1
603787,2017-04-27,1
603788,2015-01-20,1
603789,2015-04-27,1
603790,2018-09-12,1
603797,2017-04-13,1
603798,2016-04-06,1
603799,2015-01-29,1
603800,2015-12-10,1
603801,2017-06-30,1
603803,2017-04-20,1
603806,2014-09-05,1
603808,2015-04-22,1
603809,2017-11-28,1
603810,2018-09-17,1
603811,2017-03-15,1
603813,2017-09-18,1
603815,2019-10-21,1
603816,2016-10-14,1
603817,2017-02-20,1
603818,2015-04-22,1
603819,2016-11-25,1
603822,2016-04-28,1
603823,2016-12-20,1
603825,2017-08-02,1
603826,2017-04-14,1
603828,2015-02-26,1
603829,2017-10-17,1
603833,2017-03-28,1
603838,2015-07-01,1
603839,2017-02-14,1
603843,2016-09-05,1
603848,2017-12-01,1
603855,2017-05-24,1
603856,2017-11-06,1
603858,2016-11-18,1
603859,2016-10-21,1
603860,2017-08-02,1
603861,2016-03-22,1
603863,2019-06-21,1
603866,2015-12-22,1
603867,2019-06-27,1
603868,2016-04-18,1
603869,2015-03-26,1
603871,2018-02-06,1
603876,2018-04-18,1
603877,2017-01-09,1
603878,2016-12-19,1
603879,2017-06-14,1
603880,2017-08-07,1
603881,2017-02-08,1
603882,2017-09-08,1
603883,2015-04-23,1
603885,2015-05-27,1
603886,2016-12-28,1
603887,2016-10-10,1
603888,2016-10-28,1
603889,2014-12-31,1
603890,2017-12-12,1
603895,2018-01-22,1
603896,2017-05-10,1
603897,2018-04-10,1
603898,2015-02-17,1
603899,2015-01-27,1
603900,2016-11-23,1
603901,2015-05-29,1
603903,2017-03-14,1
603906,2017-04-10,1
603908,2017-03-07,1
603909,2016-06-28,1
603912,2017-11-01,1
603915,2019-06-14,1
603916,2017-11-10,1
603917,2017-12-04,1
603918,2015-05-28,1
603919,2016-03-10,1
603920,2017-04-26,1
603922,2017-10-23,1
603926,2017-05-10,1
603927,2019-09-09,1
603928,2016-12-12,1
603929,2016-12-30,1
603933,2017-07-06,1
603936,2015-12-09,1
603937,2017-11-02,1
603938,2017-06-28,1
603939,2015-02-17,1
603955,2017-03-10,1
603956,2019-02-22,1
603958,2016-06-29,1
603959,2016-05-17,1
603960,2017-03-14,1
603963,2017-09-22,1
603966,2017-01-25,1
603967,2019-04-29,1
603968,2015-05-18,1
603969,2015-02-27,1
603970,2017-11-16,1
603976,2017-08-22,1
603977,2016-11-11,1
603978,2017-08-07,1
603979,2015-06-30,1
603980,2017-06-15,1
603982,2019-05-22,1
603983,2019-07-25,1
603985,2017-05-05,1
603986,2016-08-18,1
603987,2016-11-21,1
603988,2014-11-04,1
603989,2015-05-15,1
603990,2016-12-08,1
603991,2017-03-08,1
603992,2019-08-26,1
603993,2012-10-09,1
603995,2019-12-24,1
603996,2015-12-22,1
603997,2015-03-02,1
603998,2014-12-05,1
603999,2015-12-10,1
688001,2019-07-22,32
688002,2019-07-22,32
688003,2019-07-22,32
688005,2019-07-22,32
688006,2019-07-22,32
688007,2019-07-22,32
688008,2019-07-22,32
688009,2019-07-22,32
688010,2019-07-22,32
688011,2019-07-22,32
688012,2019-07-22,32
688015,2019-07-22,32
688016,2019-07-22,32
688018,2019-07-22,32
688019,2019-07-22,32
688020,2019-07-22,32
688021,2019-11-06,32
688022,2019-07-22,32
688023,2019-11-05,32
688025,2019-10-31,32
688028,2019-07-22,32
688029,2019-07-22,32
688030,2019-09-30,32
688033,2019-07-22,32
688036,2019-09-30,32
688037,2019-12-16,32
688039,2019-12-11,32
688058,2019-11-01,32
688066,2019-07-22,32
688068,2019-09-30,32
688078,2019-12-30,32
688088,2019-07-22,32
688089,2019-12-19,32
688098,2019-10-28,32
688099,2019-08-08,32
688101,2019-11-15,32
688108,2019-10-30,32
688111,2019-11-18,32
688116,2019-09-25,32
688118,2019-12-04,32
688122,2019-07-22,32
688123,2019-12-23,32
688128,2019-11-05,32
688138,2019-11-20,32
688139,2019-10-25,32
688166,2019-11-08,32
688168,2019-09-06,32
688188,2019-08-08,32
688196,2019-11-21,32
688198,2019-12-09,32
688199,2019-11-05,32
688202,2019-11-05,32
688218,2019-12-11,32
688258,2019-12-09,32
688268,2019-12-26,32
688288,2019-11-06,32
688299,2019-11-06,32
688300,2019-11-15,32
688310,2019-12-03,32
688321,2019-08-12,32
688333,2019-07-22,32
688357,2019-12-04,32
688358,2019-12-03,32
688363,2019-11-06,32
688366,2019-10-30,32
688368,2019-10-14,32
688369,2019-10-31,32
688388,2019-07-22,32
688389,2019-11-05,32
688399,2019-12-05,32
900901,1992-02-21,2
900902,1992-07-01,2
900903,1992-07-22,2
900904,1992-07-22,2
900905,1992-07-28,2
900906,1992-07-28,2
900907,1992-07-28,2
900908,1992-08-20,2
900909,1992-08-28,2
900910,1993-01-18,2
900911,1993-05-31,2
900912,1993-07-26,2
900913,1993-09-28,2
900914,1993-10-18,2
900915,1993-11-15,2
900916,1993-11-19,2
900917,1993-12-08,2
900918,1993-12-10,2
900919,1993-12-15,2
900920,1993-12-28,2
900921,1993-12-28,2
900922,1993-12-31,2
900923,1994-01-05,2
900924,1994-01-18,2
900925,1994-01-31,2
900926,1994-03-15,2
900927,1994-03-30,2
900928,1994-04-29,2
900929,1994-09-28,2
900930,1994-10-20,2
900931,1994-11-10,2
900932,1994-11-22,2
900933,1994-12-09,2
900934,1994-12-15,2
900935,1995-07-27,2
900936,1995-10-20,2
900937,1996-04-22,2
900938,1996-04-30,2
900939,1996-06-28,2
900940,1996-07-26,2
900941,1996-08-09,2
900942,1996-11-22,2
900943,1997-01-08,2
900945,1997-06-26,2
900946,1997-06-17,2
900947,1997-08-05,2
900948,1997-08-08,2
900949,1997-09-23,2
900950,1997-10-16,2
900951,1997-10-21,2
900952,1998-05-19,2
900953,1998-06-24,2
900955,1999-01-18,2
900956,1999-07-15,2
900957,2000-07-28,2
