permno,siccd
1,J66
2,K70
3,S90
4,C27
5,N77
6,K70
7,K70
8,C37
9,S90
10,E48
11,K70
12,C30
13,F51
14,K70
15,S90
16,C39
17,C37
18,E50
19,F51
20,C39
21,C39
22,G55
23,C30
24,K70
25,F51
26,F52
27,D44
28,F51
29,K70
30,C36
31,K70
32,F51
33,H61
34,F51
35,N77
36,K70
37,D44
38,L72
39,C33
40,D44
42,K70
43,K70
45,C39
46,J69
47,K70
48,C13
49,C38
50,C39
55,C33
56,L72
58,L72
59,C25
60,C32
61,L72
62,F51
63,C39
65,E48
66,C39
68,C39
69,K70
70,C38
78,F52
88,G54
89,G56
90,E48
96,F51
99,G56
100,C39
150,Q83
151,F51
153,C27
155,D44
156,R86
157,C35
158,I65
159,F51
166,J67
301,C28
333,C38
338,C36
400,C38
401,C30
402,K70
403,C27
404,C34
405,C32
406,B07
407,D45
408,C26
409,S90
410,C34
411,F51
412,S90
413,C39
415,L71
416,J69
417,F52
418,C38
419,F52
420,C28
421,D45
422,C26
423,C27
425,C35
426,B09
428,H61
429,G54
430,N78
488,C22
498,E48
501,F52
502,K70
503,I64
504,M75
505,C13
506,B09
507,G55
508,K70
509,C29
510,C26
511,C30
513,C27
514,K70
515,C26
516,Q83
517,K70
518,C27
519,C35
520,G55
521,C38
522,C27
523,C26
524,H61
525,C26
526,P82
527,C38
528,C35
529,C13
530,C34
531,D44
532,S90
533,C38
534,C27
535,C33
536,C39
537,K70
538,C27
539,D44
540,K70
541,C38
542,C39
543,D44
544,D46
545,C26
546,N77
547,C39
548,G54
549,C36
550,C36
551,S90
552,B06
553,C26
554,F51
555,I65
556,G55
557,G53
558,K70
559,C36
560,K70
561,C39
562,J67
563,J69
564,F52
565,C26
566,C27
567,J69
568,C15
569,C31
570,C34
571,S90
572,C36
573,K70
576,C22
578,C26
581,C36
582,G55
583,I65
584,C35
585,C38
586,C39
587,C41
588,A04
589,C29
590,C27
591,D44
592,A02
593,D45
594,F51
595,C34
596,C15
597,C27
598,D46
599,C29
600,D44
601,D44
602,D44
603,B09
605,D46
606,I64
607,R85
608,K70
609,S90
610,N78
611,C17
612,C32
613,H61
615,K70
616,K70
617,J67
618,C26
619,C29
620,K70
621,I65
622,C35
623,C27
625,C36
626,F51
627,J68
628,E47
629,C32
630,C32
631,K70
632,F51
633,C38
635,C26
636,C39
637,C25
638,I65
639,C13
650,C27
651,C38
652,F51
653,F52
655,B08
656,K70
657,C32
658,S90
659,C29
660,S90
661,C27
662,I65
663,C21
665,R86
666,J67
667,K70
668,K70
669,D45
670,C39
671,K70
672,C30
673,R87
675,C26
676,I64
677,C28
678,C34
679,F52
680,C35
681,R87
682,I65
683,C26
685,D46
686,J67
687,C39
688,B09
689,C32
690,D44
691,K70
692,D44
693,B09
695,C23
697,C37
698,C25
699,C22
700,C36
701,F51
702,C13
703,C28
705,F51
707,C26
708,C31
709,C31
710,M74
711,E48
712,J67
713,A05
715,F52
716,C14
717,C31
718,K70
719,R85
720,D44
721,H62
722,D44
723,C25
725,C39
726,C17
727,C39
728,J67
729,C15
730,E50
731,C26
732,K70
733,C39
735,A03
736,K70
737,C26
738,C37
739,C27
748,C39
750,J67
751,C32
752,C15
753,F52
755,G54
756,C27
757,F52
758,B09
759,F52
760,C36
761,C31
762,B08
763,C25
765,F52
766,C27
767,D44
768,C37
769,A05
776,J67
777,C34
778,C33
779,M74
780,B06
782,C28
783,J67
785,F52
786,C30
787,I64
788,C27
789,C30
790,C27
791,D44
792,C26
793,R85
795,C30
796,L72
797,K70
798,A04
799,C15
800,C36
801,C39
802,R86
803,C38
805,I65
806,C38
807,C32
809,N78
810,C39
811,C34
812,C23
813,C27
815,C22
816,C34
817,B07
818,C26
819,C25
820,C42
821,C35
822,C26
823,C39
825,C31
826,N77
827,C30
828,G54
829,F51
830,C26
831,C32
832,C28
833,S90
835,I64
836,C38
837,C34
838,K70
839,I63
848,C15
850,C17
851,F52
852,C35
856,C35
858,C15
859,C29
860,C15
861,L72
862,D44
863,K70
866,C25
868,C36
869,C15
875,D44
876,C13
877,C30
878,C32
880,C34
881,C26
882,L72
883,D44
885,G54
886,K70
887,C29
888,N78
889,I65
890,C33
892,R86
893,C13
895,C13
897,K70
898,C31
899,D44
900,G54
901,C37
902,C26
903,C34
905,G55
906,F51
908,C27
909,K70
910,C20
911,C13
912,C26
913,C37
915,C27
916,G54
917,I63
918,K70
919,C27
920,C26
921,C38
922,C38
923,B08
925,C35
926,K70
927,C36
928,E48
929,C15
930,C26
931,C27
932,C31
933,C32
935,C30
936,C28
937,B06
938,C39
939,D44
948,I65
949,C28
950,F51
951,C36
952,C27
953,C26
955,C17
956,B07
957,C36
958,D44
959,C31
960,C32
961,K70
962,C32
963,F52
965,K70
966,D44
967,N77
968,B07
969,C33
970,C39
971,I65
972,C13
973,C29
975,B09
976,C37
977,C39
978,N78
979,K70
980,C36
981,C36
982,C17
983,B06
985,C26
987,J67
988,C39
989,C27
990,C26
993,D44
995,C15
996,F51
997,I65
998,A01
999,C27
1696,C37
1872,G55
1896,D44
1914,K70
1965,G54
1979,K70
2001,C27
2002,C26
2003,C18
2004,C26
2005,C38
2006,C35
2007,C27
2008,C35
2009,C34
2010,L72
2011,C34
2012,C22
2013,C37
2014,C29
2015,D44
2016,K70
2017,C39
2018,F51
2019,C27
2020,C27
2021,C35
2022,C27
2023,C37
2024,F52
2025,C39
2026,C33
2027,L72
2028,C38
2029,C18
2030,C27
2031,C35
2032,C33
2033,N78
2034,N77
2035,C38
2036,C39
2037,C26
2038,C27
2039,D44
2040,G55
2041,A01
2042,C17
2043,C20
2044,Q83
2045,C39
2046,C34
2047,E50
2048,C36
2049,C39
2050,C34
2051,E48
2052,C39
2053,C14
2054,C26
2055,C39
2056,C38
2057,C26
2058,C40
2059,N78
2060,E48
2061,E48
2062,E48
2063,I65
2064,C28
2065,I65
2066,C30
2067,C22
2068,C26
2069,A04
2070,C17
2071,R86
2072,I64
2073,C35
2074,C38
2075,C31
2076,C38
2077,K70
2078,C22
2079,C39
2080,C30
2081,E50
2082,C32
2083,C17
2084,C33
2085,C36
2086,A04
2087,C17
2088,C30
2089,C39
2090,C38
2091,F51
2092,C26
2093,I65
2094,C26
2095,I64
2096,C26
2097,C35
2098,C41
2099,C27
2100,C13
2101,C36
2102,C27
2103,L72
2104,C39
2105,C37
2106,C39
2107,C27
2108,C29
2109,C26
2110,C31
2111,C35
2112,C38
2113,I64
2114,C32
2115,C39
2116,M74
2117,C23
2118,C27
2119,C39
2120,G60
2121,C40
2122,C34
2123,I65
2124,C13
2125,C26
2126,C36
2127,L72
2128,B06
2129,C38
2130,C39
2131,I64
2132,C33
2133,K70
2134,C39
2135,E48
2136,C26
2137,C39
2138,C39
2139,C38
2140,E48
2141,C38
2142,J66
2143,L72
2144,C17
2145,C26
2146,K70
2147,K70
2148,I65
2149,C32
2150,C33
2151,C39
2152,C34
2153,I65
2154,C18
2155,B09
2156,C39
2157,C13
2158,C34
2159,N78
2160,C32
2161,C39
2162,C30
2163,E50
2164,C35
2165,C26
2166,C27
2167,C32
2168,C38
2169,C38
2170,C26
2171,C32
2172,C28
2173,Q83
2174,I64
2175,I64
2176,C38
2177,C35
2178,M74
2179,C39
2180,C39
2181,L72
2182,C32
2183,L72
2184,C38
2185,C39
2186,H62
2187,F52
2188,L72
2189,C39
2190,C35
2191,C23
2192,C39
2193,C17
2194,C39
2195,I65
2196,C35
2197,C34
2198,C27
2199,C39
2200,A02
2201,C30
2202,C34
2203,C32
2204,C35
2205,C30
2206,C28
2207,B11
2208,K70
2209,C35
2210,L72
2211,C26
2212,C38
2213,C36
2214,C39
2215,C26
2216,C14
2217,C39
2218,C38
2219,C27
2220,C13
2221,F51
2222,C39
2223,C35
2224,C29
2225,C30
2226,C26
2227,C38
2228,C22
2229,C23
2230,I65
2231,C39
2232,I65
2233,C30
2234,A03
2235,I64
2236,C39
2237,C32
2238,I63
2239,C36
2240,C20
2241,C39
2242,C38
2243,C29
2244,K70
2245,G58
2246,C26
2247,I64
2248,C34
2249,C38
2250,C26
2251,F52
2252,C27
2253,I65
2254,C28
2255,C34
2256,C26
2258,C26
2259,D45
2260,C38
2261,I65
2262,C27
2263,C29
2264,F52
2265,C36
2266,C38
2267,D45
2268,I65
2269,C18
2270,C38
2271,C30
2272,C34
2273,C39
2274,C26
2275,C27
2276,C38
2277,F52
2278,C35
2279,I65
2280,I65
2281,C39
2282,C34
2283,C36
2284,C36
2285,K70
2286,C13
2287,C27
2288,C39
2289,C39
2290,C38
2291,C18
2292,C24
2293,C17
2294,C27
2295,C32
2296,C39
2297,C30
2298,I65
2299,A03
2300,C38
2301,C24
2302,C30
2303,C22
2304,C15
2305,K70
2306,H62
2307,E48
2308,C39
2309,C38
2310,E48
2311,C13
2312,C26
2313,C39
2314,K70
2315,I64
2316,I65
2317,C27
2318,C33
2319,C26
2320,G55
2321,A03
2322,I65
2323,E50
2324,C29
2325,E50
2326,C26
2327,C17
2328,C36
2329,C14
2330,C13
2331,I65
2332,C27
2333,C32
2334,C38
2335,C38
2336,F52
2337,C35
2338,C40
2339,C38
2340,C42
2341,C26
2342,C33
2343,R86
2344,L72
2345,C41
2346,C38
2347,C34
2348,C24
2349,C27
2350,C38
2351,C39
2352,G60
2353,C35
2354,I64
2355,C36
2356,F52
2357,G54
2358,C38
2359,I63
2360,C26
2361,C26
2362,C39
2363,C36
2364,C38
2365,C27
2366,C35
2367,C34
2368,I65
2369,C39
2370,C27
2371,C35
2372,C29
2373,I65
2374,E48
2375,E50
2376,C39
2377,K70
2378,C32
2379,C32
2380,I65
2381,C29
2382,C35
2383,C39
2384,C39
2385,C13
2386,C26
2387,C39
2388,C39
2389,C39
2390,C27
2391,C26
2392,C30
2393,C27
2394,C17
2395,C29
2396,C39
2397,C17
2398,M74
2399,C27
2400,L72
2401,I65
2402,C39
2403,C33
2404,C18
2405,I65
2406,C36
2407,C26
2408,C26
2409,C26
2410,I65
2411,C27
2412,C27
2413,C39
2414,C39
2415,C39
2416,F51
2417,I65
2418,C34
2419,F52
2420,C29
2421,I65
2422,C27
2423,J69
2424,C27
2425,I64
2426,C39
2427,C28
2428,C32
2429,C39
2430,C35
2431,E48
2432,C35
2433,C27
2434,C36
2435,C27
2436,C39
2437,C27
2438,C34
2439,I64
2440,C26
2441,F51
2442,C26
2443,C33
2444,C33
2445,R86
2446,C39
2447,I64
2448,C36
2449,C39
2450,C29
2451,C38
2452,C38
2453,I65
2454,C36
2455,C26
2456,C39
2457,C30
2458,A03
2459,C38
2460,C32
2461,C15
2462,F51
2463,C39
2464,I64
2465,C39
2466,C32
2467,I64
2468,G60
2469,M74
2470,C26
2471,C38
2472,C34
2473,C38
2474,I65
2475,C39
2476,C26
2477,A03
2478,C33
2479,D44
2480,C34
2481,C14
2482,E50
2483,C34
2484,C39
2485,C18
2486,C18
2487,C33
2488,C36
2489,C21
2490,C35
2491,C38
2492,G59
2493,C28
2494,C19
2495,C14
2496,C26
2497,C26
2498,C38
2499,D44
2500,J67
2501,C32
2502,R86
2503,C18
2504,E50
2505,F51
2506,C39
2507,C14
2508,C38
2509,C35
2510,C36
2511,C22
2512,C39
2513,C26
2514,C33
2515,C13
2516,C17
2517,I64
2518,C38
2519,C39
2520,C34
2521,C22
2522,C29
2523,C34
2524,Q83
2526,C35
2527,C38
2528,C39
2529,C34
2530,I64
2531,C38
2532,C34
2533,C38
2534,C34
2535,C35
2536,C36
2537,C34
2538,C26
2539,C26
2540,C32
2541,C33
2542,E48
2543,C38
2544,I65
2545,C33
2546,C38
2547,C33
2548,C13
2549,N77
2550,C27
2551,C35
2552,C34
2553,C34
2554,B11
2555,I64
2556,F52
2557,C13
2558,I64
2559,C34
2560,C38
2561,F52
2562,C27
2563,C18
2564,M74
2565,C22
2566,C27
2567,C13
2568,C15
2569,C18
2570,C14
2571,C30
2572,C21
2573,N77
2574,C41
2575,C24
2576,C38
2577,C39
2578,C32
2579,C39
2580,C38
2581,C27
2582,C13
2583,C39
2584,C26
2585,C29
2586,E48
2587,C39
2588,C26
2589,F51
2590,C36
2591,C26
2592,C36
2593,C36
2594,C36
2595,C35
2596,C30
2597,C26
2598,C34
2599,C23
2600,C39
2601,C26
2602,I65
2603,C27
2604,C13
2605,C24
2606,C38
2607,P82
2608,D44
2609,I65
2610,C38
2611,C38
2612,C18
2613,C35
2614,C35
2615,C33
2616,C38
2617,C38
2618,C39
2619,I64
2620,E50
2621,P82
2622,C38
2623,C30
2624,I64
2625,C36
2626,C14
2627,G54
2628,E48
2629,B11
2630,C34
2631,C20
2632,C26
2633,C34
2634,C18
2635,C39
2636,C39
2637,C26
2638,C38
2639,C34
2640,F52
2641,C29
2642,I65
2643,C26
2644,C27
2645,C35
2646,C15
2647,J69
2648,C26
2649,I65
2650,C14
2651,C35
2652,C33
2653,C27
2654,L72
2655,C39
2656,C18
2657,I65
2658,C40
2659,P82
2660,C39
2661,C14
2662,C36
2663,E48
2664,C36
2665,C38
2666,C26
2667,C35
2668,C38
2669,C26
2670,J67
2671,C30
2672,C42
2673,J67
2674,C19
2675,C27
2676,C29
2677,C38
2678,C24
2679,A02
2680,C27
2681,C39
2682,G54
2683,B11
2684,C38
2685,C34
2686,C34
2687,C18
2688,C27
2689,C34
2690,C35
2691,C35
2692,C38
2693,C27
2694,C29
2695,C13
2696,A04
2697,F52
2698,C35
2699,R87
2700,D45
2701,C33
2702,C13
2703,C36
2705,C38
2706,C38
2707,L72
2708,C36
2709,C26
2711,G59
2712,L72
2713,E50
2714,A03
2715,C36
2716,C32
2717,N77
2718,C41
2719,C14
2721,C41
2722,C33
2723,C38
2724,C38
2725,C36
2726,C13
2727,F52
2728,C27
2729,C39
2730,C35
2731,C41
2732,C14
2733,C38
2734,C26
2735,C29
2736,J67
2737,C27
2738,M74
2739,R86
2740,C18
2741,C26
2742,C30
2743,C33
2745,C39
2746,A03
2747,C40
2748,C26
2749,C26
2750,C27
2751,C21
2752,C33
2753,C26
2755,C27
2756,C31
2757,C35
2758,F51
2759,C38
2760,C33
2761,C17
2762,C18
2763,C18
2765,C36
2766,C39
2767,C40
2768,C29
2769,L72
2770,C14
2771,I65
2772,A01
2773,C27
2774,C34
2775,E48
2776,M74
2777,I65
2778,C25
2779,C35
2780,F52
2781,E50
2782,C39
2783,C26
2785,C30
2786,C35
2787,C33
2788,F51
2789,E50
2790,C29
2791,C33
2792,C39
2793,C34
2795,C34
2796,C33
2797,J67
2798,C21
2799,C22
2800,G54
2801,C38
2802,C26
2803,C23
2805,C26
2806,C39
2807,J66
2808,C34
2809,C26
2810,C26
2811,E50
2812,C29
2813,C39
2815,C39
2816,C34
2817,C27
2818,L72
2819,F51
2820,C14
2821,C27
2822,E50
2823,C38
2824,C32
2825,C29
2826,C27
2827,C26
2828,B11
2829,C39
2830,E50
2831,C22
2832,C18
2833,C35
2835,C39
2836,C23
2837,C35
2838,C29
2839,J66
2840,C13
2841,C39
2842,C32
2843,C33
2845,C39
2846,C33
2847,C14
2848,C39
2849,C40
2850,C33
2851,C38
2852,C13
2853,C21
2855,C39
2856,E50
2857,C40
2858,R88
2859,C39
2860,C38
2861,C39
2862,C24
2863,C36
2864,C27
2865,C36
2866,C39
2867,F52
2868,C27
2869,C39
2870,C40
2871,C34
2872,F51
2873,C27
2875,C18
2876,C39
2877,C40
2878,L72
2879,C38
2880,C27
2881,C39
2882,C38
2883,M74
2884,C34
2885,C39
2886,C29
2887,N77
2888,C39
2889,L72
2890,C35
2891,C13
2892,C38
2893,D44
2895,C26
2896,C34
2897,C39
2898,C27
2899,C24
2900,C27
2901,C35
2902,C39
2903,C34
2905,R86
2906,C39
2907,C27
2908,I65
2909,C26
2910,C14
2911,D45
2912,I65
2913,C39
2915,C26
2916,C39
2917,C26
2918,C30
2919,C26
2920,C36
2921,C33
2922,C38
2923,C27
2925,C39
2926,J67
2927,C38
2928,G56
2929,I65
2930,G59
2931,C35
2932,C27
2933,C37
2935,C39
2936,J66
2937,C39
2938,C39
2939,J67
2940,C27
2941,E48
2942,C26
2943,C34
2945,J67
2946,C14
2947,C39
2948,J66
2949,M74
2950,C35
2951,C23
2952,C39
2953,C38
2955,C39
2956,C14
2957,C35
2958,J66
2959,C38
2960,C39
2961,J67
2962,C39
2963,E50
2965,C33
2966,J66
2967,M74
2968,K70
2969,C33
2970,C39
2971,C26
2972,C39
2973,N78
2975,C35
2976,C33
2977,C39
3816,D44
200002,K70
200003,S90
200011,K70
200012,C30
200013,F51
200015,S90
200016,C39
200017,C37
200018,E50
200019,F51
200020,C39
200022,G55
200024,K70
200025,F51
200026,F52
200028,F51
200029,K70
200030,C36
200037,D44
200039,C33
200041,C27
200045,C39
200053,G59
200054,C37
200055,C33
200056,L72
200057,G55
200058,L72
200152,G56
200160,K70
200168,K70
200413,C39
200418,C38
200429,G54
200468,C39
200488,C22
200505,C13
200512,C38
200513,C27
200521,C38
200530,C34
200539,D44
200541,C38
200550,C36
200553,C26
200570,C34
200581,C36
200596,C15
200613,H61
200625,C36
200706,C34
200725,C39
200726,C17
200761,C31
200770,C38
200771,C34
200869,C15
200986,C22
200992,A04
201872,G55
300001,C38
300002,I65
300003,C35
300004,C34
300005,C18
300006,C27
300007,C40
300008,M74
300009,C27
300010,I65
300011,C37
300012,M74
300013,G59
300014,C38
300015,Q83
300016,C27
300017,I65
300018,C38
300019,C26
300020,I65
300021,C29
300022,F52
300023,J69
300024,C34
300025,I65
300026,C27
300027,R86
300028,C39
300029,C35
300030,C35
300031,I64
300032,C38
300033,I65
300034,C32
300035,C38
300036,I65
300037,C26
300038,I64
300039,C27
300040,C38
300041,C26
300042,C39
300043,I64
300044,I65
300045,C35
300046,C39
300047,I65
300048,C38
300049,C35
300050,I65
300051,I65
300052,I64
300053,C39
300054,C26
300055,E48
300056,C35
300057,C32
300058,L72
300059,J67
300061,L72
300062,C38
300063,L72
300064,C30
300065,C39
300066,C40
300067,C26
300068,C38
300069,C38
300070,N77
300071,L72
300072,C26
300073,C38
300074,I65
300075,I65
300076,C39
300077,C39
300078,C39
300079,C39
300080,C30
300081,M74
300082,C26
300083,C39
300084,B11
300085,I65
300086,C27
300087,A01
300088,C39
300089,C30
300090,C34
300091,C34
300092,C35
300093,C30
300094,A04
300095,C35
300096,I65
300097,C34
300098,I65
300099,C35
300100,C36
300101,C39
300102,C39
300103,N77
300104,I64
300105,C38
300106,A03
300107,C26
300108,C27
300109,C26
300110,C27
300111,C38
300112,C40
300113,I64
300114,C39
300115,C39
300116,C38
300117,E50
300118,C38
300119,C27
300120,C39
300121,C26
300122,C27
300123,C37
300124,C38
300125,M74
300126,C34
300127,C39
300128,C39
300129,C38
300130,C35
300131,F51
300132,C26
300133,R86
300134,C39
300135,C26
300136,C39
300137,C40
300138,C13
300139,C39
300140,C38
300141,C38
300142,C27
300143,Q83
300144,R87
300145,C34
300146,C14
300147,C27
300148,R85
300149,M73
300150,I65
300151,C35
300152,N77
300153,C38
300154,C34
300155,C39
300156,C35
300157,B11
300158,C27
300159,C37
300160,C30
300161,C34
300162,C39
300163,C41
300164,B11
300165,C40
300166,I65
300167,I65
300168,I65
300169,C29
300170,I65
300171,C35
300172,N77
300173,C35
300174,C26
300175,C13
300176,C36
300177,C39
300178,L72
300179,C30
300180,C29
300181,C27
300182,R86
300183,I65
300184,F51
300185,C34
300186,C27
300187,N77
300188,I65
300189,A01
300190,N77
300191,B11
300192,C26
300193,C34
300194,C27
300195,C35
300196,C30
300197,N77
300198,C29
300199,C27
300200,C26
300201,C35
300202,C34
300203,C40
300204,C27
300205,C39
300206,C35
300207,C38
300208,C38
300209,I65
300210,C35
300211,C39
300212,I65
300213,C39
300214,C26
300215,M74
300216,C35
300217,C38
300218,C29
300219,C39
300220,C39
300221,C29
300222,C38
300223,C39
300224,C30
300225,C26
300226,I64
300227,C39
300228,C35
300229,I65
300230,C29
300231,I65
300232,C39
300233,C27
300234,C30
300235,I65
300236,C26
300237,E48
300238,C35
300239,C27
300240,G59
300241,C39
300242,I64
300243,C26
300244,Q83
300245,I65
300246,C35
300247,C38
300248,I65
300249,I65
300250,I65
300251,R86
300252,C38
300253,I65
300254,C27
300255,C27
300256,C39
300257,C34
300258,C36
300259,C40
300260,C34
300261,C26
300262,N77
300263,C34
300264,I65
300265,C38
300266,N77
300267,C27
300268,C13
300269,L72
300270,C39
300271,I65
300272,C38
300273,C35
300274,C38
300275,I65
300276,C35
300277,I65
300278,C35
300279,C38
300280,C34
300281,C35
300282,C39
300283,C38
300284,M74
300285,C26
300286,C40
300287,I65
300288,I63
300289,C27
300290,I65
300291,R86
300292,I65
300293,C35
300294,C27
300295,I64
300296,C39
300297,I65
300298,C35
300299,I65
300300,I65
300301,C39
300302,I65
300303,C39
300304,C36
300305,C29
300306,C40
300307,C35
300308,C39
300309,J67
300310,I63
300311,I65
300312,I65
300313,A03
300314,C35
300315,I64
300316,C35
300317,C38
300318,C35
300319,C39
300320,C29
300321,C29
300322,C39
300323,C39
300324,I65
300325,C29
300326,C35
300327,C39
300328,C33
300329,C24
300330,I65
300331,C39
300332,D45
300333,I65
300334,C35
300335,D44
300336,R86
300337,C32
300338,P82
300339,I65
300340,C38
300341,C38
300342,C38
300343,I64
300344,L72
300345,C33
300346,C39
300347,Q83
300348,I65
300349,I65
300350,I65
300351,C39
300352,I65
300353,C39
300354,C40
300355,N77
300356,C38
300357,C27
300358,C35
300359,I65
300360,C40
300362,C34
300363,C27
300364,R85
300365,I65
300366,I65
300367,C39
300368,C35
300369,I65
300370,C40
300371,C40
300372,C38
300373,C39
300374,C30
300375,C29
300376,C38
300377,I65
300378,I65
300379,I65
300380,I65
300381,C27
300382,C35
300383,I65
300384,M74
300385,C35
300386,I65
300387,C26
300388,N77
300389,C39
300390,C39
300391,C38
300392,I64
300393,C39
300394,C39
300395,C30
300396,C35
300397,C39
300398,C26
300399,I65
300400,C35
300401,C14
300402,C35
300403,C38
300404,M73
300405,C26
300406,C27
300407,C38
300408,C39
300409,C30
300410,C35
300411,C34
300412,C35
300413,R87
300414,C39
300415,C35
300416,C40
300417,C40
300418,I64
300419,I65
300420,C34
300421,C34
300422,N77
300423,C38
300424,C37
300425,C35
300426,R86
300427,C38
300428,C36
300429,C26
300430,C40
300431,I64
300432,C36
300433,C39
300434,C27
300435,D45
300436,C27
300437,C26
300438,C38
300439,C27
300440,I65
300441,C34
300442,C35
300443,C35
300444,C38
300445,C40
300446,C26
300447,C38
300448,I65
300449,C39
300450,C35
300451,I65
300452,C27
300453,C35
300454,I65
300455,C39
300456,C39
300457,C35
300458,C39
300459,C26
300460,C39
300461,C35
300462,C35
300463,C27
300464,F52
300465,I65
300466,C40
300467,I64
300468,I65
300469,I65
300470,C34
300471,C35
300472,C35
300473,C34
300474,C39
300475,C38
300476,C39
300477,C38
300478,C29
300479,C39
300480,C40
300481,C26
300482,C27
300483,B07
300484,C38
300485,C27
300486,C35
300487,C26
300488,C33
300489,C32
300490,C38
300491,C38
300492,M74
300493,I65
300494,I64
300495,N77
300496,I65
300497,C27
300498,A03
300499,C38
300500,M74
300501,C27
300502,C39
300503,C34
300504,C39
300505,C26
300506,E50
300507,C36
300508,I65
300509,C35
300510,C38
300511,A01
300512,C34
300513,I65
300514,C39
300515,C40
300516,C39
300517,E48
300518,I65
300519,C27
300520,I65
300521,C35
300522,C26
300523,I65
300525,I65
300526,C35
300527,C35
300528,R86
300529,C35
300530,C26
300531,C39
300532,I65
300533,I65
300534,C27
300535,C26
300536,E48
300537,C26
300538,F51
300539,C29
300540,C34
300541,I65
300542,I65
300543,C39
300545,C35
300546,C39
300547,C29
300548,C39
300549,C35
300550,I65
300551,C35
300552,I65
300553,C40
300554,C30
300555,C39
300556,I65
300557,C40
300558,C27
300559,I65
300560,I65
300561,I65
300562,C35
300563,C39
300564,M74
300565,C39
300566,C39
300567,C40
300568,C26
300569,C38
300570,C39
300571,I64
300572,C40
300573,C27
300575,C26
300576,C26
300577,C17
300578,I65
300579,I65
300580,C36
300581,C39
300582,C39
300583,C27
300584,C27
300585,C36
300586,C29
300587,C29
300588,I65
300589,C37
300590,C39
300591,C19
300592,R87
300593,C38
300594,C37
300595,C35
300596,C26
300597,I65
300598,I65
300599,C29
300600,C37
300601,C27
300602,C39
300603,I65
300604,C35
300605,I65
300606,C30
300607,C34
300608,I65
300609,I65
300610,C26
300611,C34
300612,L72
300613,I65
300615,C39
300616,C21
300617,C38
300618,C32
300619,C35
300620,C39
300621,E50
300622,F52
300623,C39
300624,I65
300625,C38
300626,C38
300627,C39
300628,C39
300629,C33
300630,C27
300631,C35
300632,C39
300633,C35
300634,I65
300635,M74
300636,C27
300637,C26
300638,C39
300639,C27
300640,R87
300641,C26
300642,C27
300643,C36
300644,C29
300645,I65
300647,C39
300648,C40
300649,M74
300650,C38
300651,C24
300652,C36
300653,C35
300654,R85
300655,C26
300656,C39
300657,C39
300658,C17
300659,I65
300660,C38
300661,C39
300662,L72
300663,I65
300664,N77
300665,C26
300666,C39
300667,C40
300668,M74
300669,C34
300670,C38
300671,I65
300672,C39
300673,C13
300674,I65
300675,M74
300676,M74
300677,C29
300678,I65
300679,C39
300680,C36
300681,C38
300682,I65
300683,C27
300684,C26
300685,C27
300686,C39
300687,I65
300688,L72
300689,C39
300690,C30
300691,C39
300692,N77
300693,C38
300694,C34
300695,C36
300696,C37
300697,C32
300698,C39
300699,C28
300700,C30
300701,C39
300702,C27
300703,C24
300705,C27
300706,C41
300707,C35
300708,C39
300709,C39
300710,C39
300711,C39
300712,M74
300713,C38
300715,C30
300716,C29
300717,C29
300718,C34
300719,C37
300720,C40
300721,C26
300722,C41
300723,C27
300724,C38
300725,C26
300726,C39
300727,C26
300729,C21
300730,I65
300731,C29
300732,M74
300733,C36
300735,C39
300736,O80
300737,C30
300738,I65
300739,C39
300740,C26
300741,C26
300742,C36
300743,C39
300745,C36
300746,M74
300747,C39
300748,C39
300749,C21
300750,C38
300751,C35
300752,C39
300753,C35
300755,F51
300756,C24
300757,C35
300758,C26
300759,M73
300760,C35
300761,A03
300762,C39
300763,C38
300765,C14
300766,I64
300767,C29
300768,I65
300769,C26
300770,I63
300771,C35
300772,C34
300773,I64
300775,C37
300776,C35
300777,C28
300778,M74
300779,C42
300780,C34
300781,L72
300782,C39
300783,F52
300785,I64
300786,C35
300787,C39
300788,R85
300789,I65
300790,C39
300791,C14
300792,I64
300793,C39
300795,L72
300796,C26
300797,M74
300798,C26
300799,I65
300800,C40
300801,C26
300802,C39
300803,I65
300805,L72
300806,C29
300807,C39
300808,C38
300809,C34
300810,I65
300811,C39
300812,C35
300813,C35
300815,N78
300816,N77
300817,C34
300818,C35
300819,C17
300820,C38
300821,C26
300822,C39
300823,C35
300825,M74
300826,M74
600000,J66
600001,C31
600002,C25
600003,G58
600004,G56
600005,C31
600006,C36
600007,K70
600008,D46
600009,G56
600010,C31
600011,D44
600012,G54
600015,J66
600016,J66
600017,G55
600018,G55
600019,C31
600020,G54
600021,D44
600022,C31
600023,D44
600025,D44
600026,G55
600027,D44
600028,B07
600029,G56
600030,J67
600031,C35
600033,G54
600035,G54
600036,J66
600037,I63
600038,C37
600039,E48
600048,K70
600050,I63
600051,F51
600052,K70
600053,J69
600054,N78
600055,C35
600056,C27
600057,L72
600058,F51
600059,C15
600060,C39
600061,J67
600062,C27
600063,C28
600064,K70
600065,C25
600066,C36
600067,K70
600068,E48
600069,C22
600070,I64
600071,C40
600072,E48
600073,C14
600074,C39
600075,C26
600076,C20
600077,K70
600078,C26
600079,C27
600080,C27
600081,C36
600082,K70
600083,F51
600084,C15
600085,C27
600086,C41
600087,G55
600088,R86
600089,C38
600090,F51
600091,C26
600092,C32
600093,L72
600094,K70
600095,C13
600096,C26
600097,A04
600098,D44
600099,C37
600100,C39
600101,D44
600102,C31
600103,C22
600104,C36
600105,C38
600106,G54
600107,C18
600108,A01
600109,J67
600110,C32
600111,C32
600112,C38
600113,L72
600114,C33
600115,G56
600116,D44
600117,C31
600118,C39
600119,G54
600120,J69
600121,B06
600122,F52
600123,B06
600125,G53
600126,C31
600127,C13
600128,F51
600129,C27
600130,C39
600131,D44
600132,C15
600133,E48
600135,C26
600136,R86
600137,C18
600138,L72
600139,C36
600141,C26
600143,C29
600145,C30
600146,C18
600148,C36
600149,S90
600150,C37
600151,C39
600152,C38
600153,F51
600155,J67
600156,C17
600157,B06
600158,K70
600159,K70
600160,C26
600161,C27
600162,K70
600163,D44
600165,C26
600166,C36
600167,D44
600168,D46
600169,C35
600170,E48
600171,C39
600172,C30
600173,K70
600175,S90
600176,C30
600177,C18
600178,C36
600179,G58
600180,F51
600181,C26
600182,C29
600183,C39
600184,C35
600185,K70
600186,C14
600187,D46
600188,B06
600189,C15
600190,G55
600191,C13
600192,C38
600193,E50
600195,C27
600196,C27
600197,C15
600198,C39
600199,C15
600200,S90
600201,C27
600202,C38
600203,F51
600205,C32
600206,C32
600207,D45
600208,K70
600209,E50
600210,C29
600211,C27
600212,S90
600213,C36
600215,K70
600216,C27
600217,C42
600218,C34
600219,C32
600220,C17
600221,G56
600222,C27
600223,K70
600225,K70
600226,C26
600227,C27
600228,C26
600229,R85
600230,C26
600231,C31
600232,C17
600233,G60
600234,C39
600235,C22
600236,D44
600237,C39
600238,C15
600239,K70
600240,K70
600241,F51
600242,I64
600243,C34
600246,K70
600247,F51
600248,E48
600249,C26
600250,F51
600251,C13
600252,C27
600253,C27
600255,C32
600256,B07
600257,A04
600258,H61
600259,B09
600260,C39
600261,C38
600262,C35
600263,E48
600265,A02
600266,K70
600267,C27
600268,C38
600269,G54
600270,G58
600271,C39
600272,F52
600273,C26
600275,C13
600276,C27
600277,C26
600278,F51
600279,G55
600280,F52
600281,C25
600282,C31
600283,D46
600284,E48
600285,C27
600286,C30
600287,F51
600288,C39
600289,I65
600290,C38
600291,J68
600292,N77
600293,F52
600295,C31
600296,C32
600297,F52
600298,C14
600299,C27
600300,C15
600301,C26
600302,C35
600303,C36
600305,C14
600306,F52
600307,C31
600308,C22
600309,C26
600310,D44
600311,B09
600312,C38
600313,A01
600315,C26
600316,C37
600317,G55
600318,J69
600319,C26
600320,C35
600321,C20
600322,K70
600323,N77
600325,K70
600326,C30
600327,F52
600328,C26
600329,C27
600330,C39
600331,C32
600332,C27
600333,D45
600335,F51
600336,C38
600337,F52
600338,B09
600339,B11
600340,K70
600343,C35
600345,C39
600346,C28
600348,B06
600350,G54
600351,C27
600352,C26
600353,C39
600354,A01
600355,C39
600356,C22
600357,C31
600358,I64
600359,A01
600360,C39
600361,F52
600362,C32
600363,C39
600365,C15
600366,C39
600367,C26
600368,G54
600369,J67
600370,C17
600371,A01
600372,C37
600373,R85
600375,C36
600376,K70
600377,G54
600378,C26
600379,C38
600380,C27
600381,C14
600382,F51
600383,K70
600385,C27
600386,F52
600387,F51
600388,C35
600389,C26
600390,J69
600391,C37
600392,C32
600393,K70
600395,B06
600396,D44
600397,B06
600398,C18
600399,C31
600400,C18
600401,C39
600403,B06
600405,C39
600406,I65
600408,C31
600409,C26
600410,I65
600415,L72
600416,C34
600418,C36
600419,C14
600420,C27
600421,C34
600422,C27
600423,C26
600425,C30
600426,C26
600428,G55
600429,C14
600432,C32
600433,C22
600435,C39
600436,C27
600438,C13
600439,C19
600444,C34
600446,I65
600448,C17
600449,C30
600452,D44
600455,S90
600456,C32
600458,C29
600459,C32
600460,C39
600461,D46
600462,L72
600463,E48
600466,K70
600467,A04
600468,C38
600469,C29
600470,C26
600472,B09
600475,C34
600476,I65
600477,E50
600478,C38
600479,C27
600480,C36
600481,C38
600482,C37
600483,D44
600485,C39
600486,C26
600487,C38
600488,C27
600489,B09
600490,C32
600491,E48
600493,C17
600495,C37
600496,E50
600497,B09
600498,C39
600499,C35
600500,C26
600501,C36
600502,E48
600503,K70
600505,D44
600506,A01
600507,C31
600508,B06
600509,D44
600510,K70
600511,F51
600512,E48
600513,C27
600515,K70
600516,C30
600517,C38
600518,C27
600519,C15
600520,C38
600521,C27
600522,C38
600523,C36
600525,C39
600526,C35
600527,C28
600528,C35
600529,C30
600530,C27
600531,C32
600532,B08
600533,K70
600535,C27
600536,I65
600537,C38
600538,F51
600539,C30
600540,A01
600543,C15
600545,C35
600546,F51
600547,B09
600548,G54
600549,C32
600550,C38
600551,R85
600552,C39
600553,C30
600555,K70
600556,I65
600557,C27
600558,C33
600559,C15
600560,C35
600561,G54
600562,C39
600563,C39
600565,K70
600566,C27
600567,C22
600568,C27
600569,C31
600570,I65
600571,I65
600572,C27
600573,C15
600575,G55
600576,R87
600577,C38
600578,D44
600579,C35
600580,C38
600581,C31
600582,C35
600583,B11
600584,C39
600585,C30
600586,C30
600587,C35
600588,I65
600589,C26
600590,C38
600591,G56
600592,C34
600593,N78
600594,C27
600595,C32
600596,C26
600597,C14
600598,A01
600599,J69
600600,C15
600601,C39
600602,I65
600603,S90
600604,K70
600605,F51
600606,K70
600607,S90
600608,C31
600609,C36
600610,E48
600611,G54
600612,C41
600613,C27
600614,C42
600615,C33
600616,C15
600617,D45
600618,C26
600619,C34
600620,S90
600621,J67
600622,K70
600623,C26
600624,S90
600625,C38
600626,F51
600627,C38
600628,F52
600629,M74
600630,C17
600631,F52
600632,F52
600633,I64
600634,I64
600635,D45
600636,C26
600637,I63
600638,K70
600639,K70
600640,I64
600641,K70
600642,D45
600643,J69
600644,D44
600645,M73
600646,I65
600647,F51
600648,F51
600649,K70
600650,G54
600651,C38
600652,I64
600653,F52
600654,I65
600655,F52
600656,F52
600657,K70
600658,K70
600659,S90
600660,C30
600661,P82
600662,G54
600663,K70
600664,C27
600665,K70
600666,C39
600667,C39
600668,C30
600669,C28
600670,S90
600671,C27
600672,A01
600673,S90
600674,D44
600675,K70
600676,G54
600677,F51
600678,C30
600679,C37
600680,C39
600681,D45
600682,F52
600683,K70
600684,K70
600685,C37
600686,C36
600687,C41
600688,C25
600689,C17
600690,C38
600691,C26
600692,K70
600693,F52
600694,F52
600695,J67
600696,K70
600697,F52
600698,C36
600699,C36
600700,S90
600701,I65
600702,C15
600703,C39
600704,F51
600705,J69
600706,N78
600707,C39
600708,K70
600709,A01
600710,F51
600711,B09
600712,F52
600713,F52
600714,B06
600715,R86
600716,K70
600717,G55
600718,I65
600719,D44
600720,C30
600721,M73
600722,C26
600723,F52
600724,K70
600725,C25
600726,D44
600727,C26
600728,I65
600729,F52
600730,P82
600731,C26
600732,C38
600733,C36
600734,C39
600735,C19
600736,K70
600737,C13
600738,F52
600739,F51
600740,C25
600741,C36
600742,C36
600743,K70
600744,D44
600745,C39
600746,C26
600747,F51
600748,K70
600749,N78
600750,C27
600751,F51
600752,C27
600753,F51
600754,H61
600755,F51
600756,I65
600757,R85
600758,B06
600759,B07
600760,C37
600761,C35
600762,A01
600763,Q83
600764,C39
600765,C34
600766,B09
600767,I65
600768,C32
600769,E48
600770,S90
600771,C27
600772,C26
600773,K70
600774,F52
600775,C39
600776,C39
600777,S90
600778,F52
600779,C15
600780,D44
600781,C27
600782,C31
600783,S90
600784,S90
600785,F52
600786,C34
600787,G59
600788,C41
600789,C27
600790,L72
600791,K70
600792,C25
600793,C22
600794,G59
600795,D44
600796,C26
600797,I65
600798,G55
600799,I65
600800,C39
600801,C30
600802,C30
600803,C26
600804,I64
600805,S90
600806,C34
600807,K70
600808,C31
600809,C15
600810,C28
600811,F51
600812,C27
600813,C35
600814,F52
600815,C35
600816,J69
600817,K70
600818,C37
600819,C30
600820,E48
600821,F52
600822,F51
600823,K70
600824,F52
600825,R85
600826,F51
600827,F52
600828,F52
600829,F51
600830,L71
600831,I63
600832,N78
600833,F52
600834,G54
600835,C34
600836,C23
600837,J67
600838,F52
600839,C39
600840,K70
600841,C34
600842,C27
600843,C35
600844,C26
600845,I65
600846,E48
600847,C38
600848,K70
600849,F52
600850,I65
600851,C27
600852,E47
600853,E48
600854,C38
600855,C35
600856,D45
600857,F52
600858,F52
600859,F52
600860,C35
600861,F52
600862,C37
600863,D44
600864,J67
600865,F52
600866,C14
600867,C27
600868,D44
600869,C38
600870,C39
600871,B11
600872,C14
600873,C14
600874,D46
600875,C34
600876,C30
600877,C38
600878,S90
600879,C35
600880,R85
600881,C30
600882,C14
600883,C30
600884,C38
600885,C38
600886,D44
600887,C14
600888,C39
600889,C28
600890,K70
600891,C41
600892,I65
600893,C37
600894,C34
600895,K70
600896,Q83
600897,G56
600898,C39
600899,I65
600900,D44
600901,J66
600903,D45
600908,J66
600909,J67
600917,D45
600919,J66
600926,J66
600928,J66
600929,C14
600933,C36
600936,I63
600939,E47
600958,J67
600959,I63
600960,C36
600961,C32
600962,C15
600963,C22
600965,A03
600966,C22
600967,C37
600968,B11
600969,D44
600970,E48
600971,B06
600973,C38
600975,A03
600976,F52
600977,R86
600978,C21
600979,D44
600980,C39
600981,F51
600982,D44
600983,C38
600984,C35
600985,B06
600986,I64
600987,C17
600988,B09
600989,C26
600990,C39
600991,C36
600992,C33
600993,F51
600995,D44
600996,I63
600997,C25
600998,F51
600999,J67
601000,G55
601001,B06
601002,C34
601003,C31
601005,C31
601006,G53
601007,H61
601008,G55
601009,J66
601010,F52
601011,C25
601012,C30
601015,C25
601016,D44
601018,G55
601019,R85
601020,B09
601021,G56
601028,C33
601038,C35
601058,C29
601066,J67
601068,E48
601069,B09
601077,J66
601086,F52
601088,B06
601098,R85
601099,J67
601100,C35
601101,B06
601106,C35
601107,G54
601108,J67
601111,G56
601113,C28
601116,F52
601117,E48
601118,A01
601126,C38
601127,C36
601128,J66
601137,C32
601138,C39
601139,D45
601155,K70
601158,D46
601162,J67
601163,C29
601166,J66
601168,B09
601169,J66
601177,C34
601179,C38
601186,E48
601188,G54
601198,J67
601199,D46
601200,N77
601208,C26
601211,J67
601212,C32
601216,C26
601218,C35
601222,C40
601225,B06
601226,M74
601228,G55
601229,J66
601231,C39
601233,C28
601236,J67
601238,C36
601258,F52
601268,C35
601288,J66
601298,G55
601299,C37
601311,C38
601313,C34
601318,J68
601319,J68
601326,G55
601328,J66
601330,N77
601333,G53
601336,J68
601339,C17
601360,I64
601366,F52
601368,D46
601369,C38
601375,J67
601377,J67
601388,C32
601390,E48
601398,J66
601500,C29
601512,K70
601515,C23
601518,G54
601519,I65
601555,J67
601558,C34
601566,C18
601567,C40
601577,J66
601579,C15
601588,K70
601595,R86
601598,G58
601599,C17
601600,C32
601601,J68
601606,C41
601607,F52
601608,C35
601611,E48
601615,C34
601616,C38
601618,E48
601619,D44
601628,J68
601633,C36
601636,C30
601658,J66
601666,B06
601668,E48
601669,E48
601677,C32
601678,C26
601688,J67
601689,C36
601696,J67
601698,I63
601699,B06
601700,C33
601717,C35
601718,C18
601727,C34
601766,C37
601777,C36
601788,J67
601789,E48
601798,C35
601799,C36
601800,E48
601801,R85
601808,B11
601811,R85
601816,G53
601818,J66
601828,L72
601838,J66
601857,B07
601858,R85
601860,J66
601865,C30
601866,G55
601869,C39
601872,G55
601877,C38
601878,J67
601880,G55
601881,J67
601882,C34
601886,E50
601888,L72
601890,C37
601898,B06
601899,B09
601900,R85
601901,J67
601908,C35
601916,J66
601918,B06
601919,G55
601928,R85
601929,I63
601933,F52
601939,J66
601949,R85
601952,C13
601958,B09
601965,C36
601966,C29
601968,C33
601969,B08
601975,G55
601985,D44
601988,J66
601989,C37
601990,J67
601991,D44
601992,C30
601996,C20
601997,J66
601998,J66
601999,R85
603000,I64
603001,C19
603002,C26
603003,F51
603005,C39
603006,C36
603007,E48
603008,C21
603009,C36
603010,C26
603011,C34
603012,C35
603013,C36
603015,C38
603016,C38
603017,M74
603018,M74
603019,C39
603020,C14
603021,C30
603022,C22
603023,C39
603025,C39
603026,C26
603027,C14
603028,C33
603029,C35
603030,E50
603031,F52
603032,G54
603033,C29
603035,C36
603036,C35
603037,C36
603038,C41
603039,I65
603040,C33
603041,C26
603042,C39
603043,C14
603045,C38
603050,C38
603053,D45
603055,C17
603056,G60
603058,C23
603059,C41
603060,M74
603063,C38
603066,G59
603067,C26
603068,C39
603069,G54
603076,C35
603077,C26
603078,C26
603079,C14
603080,D45
603081,C35
603083,C39
603085,C35
603086,C26
603088,C35
603089,C36
603090,C34
603093,J67
603096,R85
603098,E50
603099,N78
603100,C40
603101,F52
603103,R86
603105,C38
603106,C39
603108,F51
603109,C34
603110,C26
603111,C37
603113,C25
603115,C39
603116,C19
603117,L72
603118,C39
603121,C36
603123,F52
603126,M74
603127,M73
603128,G58
603129,C37
603131,C34
603133,C39
603136,N78
603138,I65
603139,C27
603156,C15
603157,C18
603158,C36
603159,C35
603160,C39
603161,C36
603165,C22
603166,C36
603167,G55
603168,C27
603169,C35
603177,N77
603178,C36
603179,C36
603180,C21
603181,C26
603183,M74
603185,C35
603186,C39
603187,C34
603188,C26
603189,I65
603192,C26
603195,C38
603196,C18
603197,C36
603198,C15
603199,N78
603200,N77
603203,C35
603208,C21
603214,F52
603217,C26
603218,C34
603220,I65
603221,C29
603222,C27
603223,G54
603225,C28
603226,C20
603227,C26
603228,C39
603229,C27
603232,I65
603233,F52
603236,C39
603238,C17
603239,C36
603256,C30
603258,I64
603259,M73
603260,C26
603266,C29
603267,C39
603268,C30
603269,C34
603277,C34
603278,C33
603279,C34
603283,C35
603286,C36
603288,C14
603289,C35
603290,C39
603297,C40
603298,C34
603299,C14
603300,L71
603301,C35
603303,C38
603305,C32
603306,C36
603308,C35
603309,C35
603311,C35
603313,C21
603315,C34
603316,E48
603317,C14
603318,C35
603319,C36
603320,C34
603321,C34
603322,I65
603323,J66
603326,C21
603327,C39
603328,C39
603329,G58
603330,C26
603331,C38
603332,C28
603333,C38
603335,C36
603336,C13
603337,C35
603338,C35
603339,C34
603345,C13
603348,C33
603351,C27
603355,C38
603356,C34
603357,M74
603358,C36
603359,E48
603360,C26
603363,C13
603365,C17
603366,C38
603367,C27
603368,F51
603369,C15
603377,P82
603378,C26
603379,C26
603380,C39
603383,I65
603385,C30
603386,C39
603387,C27
603388,E48
603389,C21
603390,C39
603393,D45
603396,C35
603398,C24
603399,C32
603416,C40
603421,I65
603429,C23
603444,I64
603456,C27
603458,M74
603466,R87
603477,C19
603486,C38
603488,C38
603489,C38
603496,C39
603499,C23
603500,C37
603501,C39
603505,B10
603506,K70
603507,C38
603508,C37
603515,C38
603516,C39
603517,C13
603518,C18
603519,C38
603520,C27
603527,C32
603528,C39
603530,C38
603533,I64
603535,G59
603536,C13
603538,C27
603551,C38
603555,C18
603556,C40
603557,C19
603558,C17
603559,I63
603566,C27
603567,C27
603568,N77
603569,L72
603577,C33
603578,C30
603579,C35
603580,C29
603583,C38
603585,C26
603586,C36
603587,C18
603588,N77
603589,C15
603590,C27
603595,C39
603596,C36
603598,L72
603599,C26
603600,C21
603601,C30
603602,I65
603603,N77
603605,C26
603606,C38
603607,C22
603608,C19
603609,C13
603610,C21
603611,C34
603612,C30
603613,I64
603615,C29
603616,C30
603617,C34
603618,C38
603619,B11
603626,C33
603628,C41
603629,C33
603630,C26
603633,C39
603636,I65
603637,M74
603638,C35
603639,C26
603648,L72
603650,C26
603655,C29
603656,C35
603657,C29
603658,C27
603659,C38
603660,C39
603661,C21
603662,C40
603663,C30
603665,C17
603666,C35
603667,C34
603668,C13
603669,C27
603676,C27
603677,C38
603678,C39
603679,C38
603680,C37
603681,C26
603683,C26
603685,C38
603686,C35
603687,C22
603688,C30
603689,D45
603690,C35
603693,D44
603696,C14
603697,C14
603698,M74
603699,C34
603700,C40
603701,C38
603703,C38
603706,D45
603707,C27
603708,F52
603709,C21
603711,C15
603712,C39
603713,G58
603716,F51
603717,E48
603718,C27
603719,F52
603721,R86
603722,C26
603725,C29
603726,C29
603727,B11
603728,C38
603729,L72
603730,C36
603733,C22
603737,C26
603738,C41
603739,C14
603755,C14
603757,C34
603758,C36
603766,C37
603767,C36
603768,C36
603773,C39
603776,M74
603777,F52
603778,E48
603779,C15
603786,C36
603787,C37
603788,C36
603789,C35
603790,C26
603797,N77
603798,C25
603799,C32
603800,C35
603801,C21
603803,C39
603806,C29
603808,C18
603809,C36
603810,C26
603811,C27
603813,G54
603815,E48
603816,C21
603817,D46
603818,C21
603819,C38
603822,C26
603823,C26
603825,I64
603826,C30
603828,E50
603829,C38
603833,C21
603838,C30
603839,C18
603843,E48
603848,C33
603855,C35
603856,C29
603858,C27
603859,M74
603860,M74
603861,C38
603863,C22
603866,C14
603867,C26
603868,C38
603869,I65
603871,G58
603876,C32
603877,C18
603878,C31
603879,C26
603880,C27
603881,I64
603882,Q83
603883,F52
603885,G56
603886,C14
603887,E48
603888,I64
603889,C17
603890,C39
603893,C39
603895,C35
603896,C27
603897,C38
603898,C21
603899,C24
603900,F52
603901,C35
603903,N77
603906,C26
603908,C18
603909,M74
603912,C35
603915,C34
603916,C26
603917,C35
603918,I65
603919,C15
603920,C39
603922,C36
603926,C36
603927,I65
603928,C26
603929,E49
603933,C39
603936,C39
603937,C33
603938,C26
603939,F52
603948,C26
603949,C36
603955,E48
603956,C35
603958,C19
603959,M74
603960,C35
603963,C27
603966,C34
603967,G58
603968,C26
603969,C33
603970,F51
603976,C27
603977,C26
603978,C32
603979,B11
603980,C26
603982,C36
603983,C26
603985,C33
603986,C39
603987,C35
603988,C38
603989,C39
603990,I65
603991,C29
603992,C29
603993,B09
603995,C31
603996,C39
603997,C36
603998,C27
603999,R85
688001,C35
688002,C39
688003,C35
688005,C39
688006,C35
688007,C39
688008,C39
688009,C37
688010,C40
688011,C39
688012,C35
688015,C37
688016,C35
688018,I65
688019,C39
688020,C39
688021,C35
688022,C35
688023,I65
688025,C39
688026,C29
688028,C35
688029,C35
688030,I65
688033,C37
688036,C39
688037,C35
688039,I65
688051,I65
688058,I65
688066,I65
688068,C27
688078,I65
688080,C39
688081,C39
688086,C39
688088,I65
688089,C14
688090,C35
688098,C27
688099,I65
688100,C39
688101,C35
688108,C35
688111,I65
688116,C26
688118,I65
688122,C32
688123,C39
688128,M74
688138,C39
688139,C35
688158,I64
688159,C39
688166,C27
688168,I65
688169,C38
688177,C27
688178,N77
688181,C39
688186,C33
688188,I65
688189,C27
688196,C42
688198,C35
688199,C26
688200,C35
688202,M73
688208,C39
688218,C35
688228,I65
688233,C30
688258,I65
688266,C27
688268,C26
688278,C27
688288,C39
688298,C27
688299,C29
688300,C30
688310,C35
688321,C27
688333,C34
688357,C26
688358,C35
688363,C27
688366,C27
688368,I65
688369,I65
688388,C39
688389,C35
688396,C39
688398,C30
688399,C27
900901,I65
900902,K70
900903,G54
900904,C27
900905,C41
900906,E48
900907,C42
900908,C26
900909,C26
900910,C34
900911,K70
900912,F51
900913,D45
900914,G54
900915,C37
900916,C37
900917,C27
900918,C30
900919,J67
900920,C34
900921,C26
900922,C17
900923,F52
900924,C35
900925,C34
900926,I65
900927,F51
900928,K70
900929,L72
900930,C39
900931,C38
900932,K70
900933,C30
900934,H61
900935,D46
900936,C31
900937,D44
900938,F51
900939,E50
900940,K70
900941,C39
900942,N78
900943,F52
900945,G56
900946,C36
900947,C35
900948,B06
900949,D44
900950,K70
900951,C26
900952,G55
900953,C36
900955,K70
900956,C34
900957,K70
