code,exchcd
000001,4
000002,4
000003,4
000004,4
000005,4
000006,4
000007,4
000008,4
000009,4
000010,4
000011,4
000012,4
000013,4
000014,4
000015,4
000016,4
000017,4
000018,4
000019,4
000020,4
000021,4
000022,4
000023,4
000024,4
000025,4
000026,4
000027,4
000028,4
000029,4
000030,4
000031,4
000032,4
000033,4
000034,4
000035,4
000036,4
000037,4
000038,4
000039,4
000040,4
000042,4
000043,4
000045,4
000046,4
000047,4
000048,4
000049,4
000050,4
000055,4
000056,4
000058,4
000059,4
000060,4
000061,4
000062,4
000063,4
000065,4
000066,4
000068,4
000069,4
000070,4
000078,4
000088,4
000089,4
000090,4
000096,4
000099,4
000100,4
000150,4
000151,4
000153,4
000155,4
000156,4
000157,4
000158,4
000159,4
000166,4
000301,4
000333,4
000338,4
000400,4
000401,4
000402,4
000403,4
000404,4
000405,4
000406,4
000407,4
000408,4
000409,4
000410,4
000411,4
000412,4
000413,4
000415,4
000416,4
000417,4
000418,4
000419,4
000420,4
000421,4
000422,4
000423,4
000425,4
000426,4
000428,4
000429,4
000430,4
000488,4
000498,4
000501,4
000502,4
000503,4
000504,4
000505,4
000506,4
000507,4
000508,4
000509,4
000510,4
000511,4
000513,4
000514,4
000515,4
000516,4
000517,4
000518,4
000519,4
000520,4
000521,4
000522,4
000523,4
000524,4
000525,4
000526,4
000527,4
000528,4
000529,4
000530,4
000531,4
000532,4
000533,4
000534,4
000535,4
000536,4
000537,4
000538,4
000539,4
000540,4
000541,4
000542,4
000543,4
000544,4
000545,4
000546,4
000547,4
000548,4
000549,4
000550,4
000551,4
000552,4
000553,4
000554,4
000555,4
000556,4
000557,4
000558,4
000559,4
000560,4
000561,4
000562,4
000563,4
000564,4
000565,4
000566,4
000567,4
000568,4
000569,4
000570,4
000571,4
000572,4
000573,4
000576,4
000578,4
000581,4
000582,4
000583,4
000584,4
000585,4
000586,4
000587,4
000588,4
000589,4
000590,4
000591,4
000592,4
000593,4
000594,4
000595,4
000596,4
000597,4
000598,4
000599,4
000600,4
000601,4
000602,4
000603,4
000605,4
000606,4
000607,4
000608,4
000609,4
000610,4
000611,4
000612,4
000613,4
000615,4
000616,4
000617,4
000618,4
000619,4
000620,4
000621,4
000622,4
000623,4
000625,4
000626,4
000627,4
000628,4
000629,4
000630,4
000631,4
000632,4
000633,4
000635,4
000636,4
000637,4
000638,4
000639,4
000650,4
000651,4
000652,4
000653,4
000655,4
000656,4
000657,4
000658,4
000659,4
000660,4
000661,4
000662,4
000663,4
000665,4
000666,4
000667,4
000668,4
000669,4
000670,4
000671,4
000672,4
000673,4
000675,4
000676,4
000677,4
000678,4
000679,4
000680,4
000681,4
000682,4
000683,4
000685,4
000686,4
000687,4
000688,4
000689,4
000690,4
000691,4
000692,4
000693,4
000695,4
000697,4
000698,4
000699,4
000700,4
000701,4
000702,4
000703,4
000705,4
000707,4
000708,4
000709,4
000710,4
000711,4
000712,4
000713,4
000715,4
000716,4
000717,4
000718,4
000719,4
000720,4
000721,4
000722,4
000723,4
000725,4
000726,4
000727,4
000728,4
000729,4
000730,4
000731,4
000732,4
000733,4
000735,4
000736,4
000737,4
000738,4
000739,4
000748,4
000750,4
000751,4
000752,4
000753,4
000755,4
000756,4
000757,4
000758,4
000759,4
000760,4
000761,4
000762,4
000763,4
000765,4
000766,4
000767,4
000768,4
000769,4
000776,4
000777,4
000778,4
000779,4
000780,4
000782,4
000783,4
000785,4
000786,4
000787,4
000788,4
000789,4
000790,4
000791,4
000792,4
000793,4
000795,4
000796,4
000797,4
000798,4
000799,4
000800,4
000801,4
000802,4
000803,4
000805,4
000806,4
000807,4
000809,4
000810,4
000811,4
000812,4
000813,4
000815,4
000816,4
000817,4
000818,4
000819,4
000820,4
000821,4
000822,4
000823,4
000825,4
000826,4
000827,4
000828,4
000829,4
000830,4
000831,4
000832,4
000833,4
000835,4
000836,4
000837,4
000838,4
000839,4
000848,4
000850,4
000851,4
000852,4
000856,4
000858,4
000859,4
000860,4
000861,4
000862,4
000863,4
000866,4
000868,4
000869,4
000875,4
000876,4
000877,4
000878,4
000880,4
000881,4
000882,4
000883,4
000885,4
000886,4
000887,4
000888,4
000889,4
000890,4
000892,4
000893,4
000895,4
000897,4
000898,4
000899,4
000900,4
000901,4
000902,4
000903,4
000905,4
000906,4
000908,4
000909,4
000910,4
000911,4
000912,4
000913,4
000915,4
000916,4
000917,4
000918,4
000919,4
000920,4
000921,4
000922,4
000923,4
000925,4
000926,4
000927,4
000928,4
000929,4
000930,4
000931,4
000932,4
000933,4
000935,4
000936,4
000937,4
000938,4
000939,4
000948,4
000949,4
000950,4
000951,4
000952,4
000953,4
000955,4
000956,4
000957,4
000958,4
000959,4
000960,4
000961,4
000962,4
000963,4
000965,4
000966,4
000967,4
000968,4
000969,4
000970,4
000971,4
000972,4
000973,4
000975,4
000976,4
000977,4
000978,4
000979,4
000980,4
000981,4
000982,4
000983,4
000985,4
000987,4
000988,4
000989,4
000990,4
000993,4
000995,4
000996,4
000997,4
000998,4
000999,4
001696,4
001872,4
001896,4
001914,4
001965,4
001979,4
002001,4
002002,4
002003,4
002004,4
002005,4
002006,4
002007,4
002008,4
002009,4
002010,4
002011,4
002012,4
002013,4
002014,4
002015,4
002016,4
002017,4
002018,4
002019,4
002020,4
002021,4
002022,4
002023,4
002024,4
002025,4
002026,4
002027,4
002028,4
002029,4
002030,4
002031,4
002032,4
002033,4
002034,4
002035,4
002036,4
002037,4
002038,4
002039,4
002040,4
002041,4
002042,4
002043,4
002044,4
002045,4
002046,4
002047,4
002048,4
002049,4
002050,4
002051,4
002052,4
002053,4
002054,4
002055,4
002056,4
002057,4
002058,4
002059,4
002060,4
002061,4
002062,4
002063,4
002064,4
002065,4
002066,4
002067,4
002068,4
002069,4
002070,4
002071,4
002072,4
002073,4
002074,4
002075,4
002076,4
002077,4
002078,4
002079,4
002080,4
002081,4
002082,4
002083,4
002084,4
002085,4
002086,4
002087,4
002088,4
002089,4
002090,4
002091,4
002092,4
002093,4
002094,4
002095,4
002096,4
002097,4
002098,4
002099,4
002100,4
002101,4
002102,4
002103,4
002104,4
002105,4
002106,4
002107,4
002108,4
002109,4
002110,4
002111,4
002112,4
002113,4
002114,4
002115,4
002116,4
002117,4
002118,4
002119,4
002120,4
002121,4
002122,4
002123,4
002124,4
002125,4
002126,4
002127,4
002128,4
002129,4
002130,4
002131,4
002132,4
002133,4
002134,4
002135,4
002136,4
002137,4
002138,4
002139,4
002140,4
002141,4
002142,4
002143,4
002144,4
002145,4
002146,4
002147,4
002148,4
002149,4
002150,4
002151,4
002152,4
002153,4
002154,4
002155,4
002156,4
002157,4
002158,4
002159,4
002160,4
002161,4
002162,4
002163,4
002164,4
002165,4
002166,4
002167,4
002168,4
002169,4
002170,4
002171,4
002172,4
002173,4
002174,4
002175,4
002176,4
002177,4
002178,4
002179,4
002180,4
002181,4
002182,4
002183,4
002184,4
002185,4
002186,4
002187,4
002188,4
002189,4
002190,4
002191,4
002192,4
002193,4
002194,4
002195,4
002196,4
002197,4
002198,4
002199,4
002200,4
002201,4
002202,4
002203,4
002204,4
002205,4
002206,4
002207,4
002208,4
002209,4
002210,4
002211,4
002212,4
002213,4
002214,4
002215,4
002216,4
002217,4
002218,4
002219,4
002220,4
002221,4
002222,4
002223,4
002224,4
002225,4
002226,4
002227,4
002228,4
002229,4
002230,4
002231,4
002232,4
002233,4
002234,4
002235,4
002236,4
002237,4
002238,4
002239,4
002240,4
002241,4
002242,4
002243,4
002244,4
002245,4
002246,4
002247,4
002248,4
002249,4
002250,4
002251,4
002252,4
002253,4
002254,4
002255,4
002256,4
002258,4
002259,4
002260,4
002261,4
002262,4
002263,4
002264,4
002265,4
002266,4
002267,4
002268,4
002269,4
002270,4
002271,4
002272,4
002273,4
002274,4
002275,4
002276,4
002277,4
002278,4
002279,4
002280,4
002281,4
002282,4
002283,4
002284,4
002285,4
002286,4
002287,4
002288,4
002289,4
002290,4
002291,4
002292,4
002293,4
002294,4
002295,4
002296,4
002297,4
002298,4
002299,4
002300,4
002301,4
002302,4
002303,4
002304,4
002305,4
002306,4
002307,4
002308,4
002309,4
002310,4
002311,4
002312,4
002313,4
002314,4
002315,4
002316,4
002317,4
002318,4
002319,4
002320,4
002321,4
002322,4
002323,4
002324,4
002325,4
002326,4
002327,4
002328,4
002329,4
002330,4
002331,4
002332,4
002333,4
002334,4
002335,4
002336,4
002337,4
002338,4
002339,4
002340,4
002341,4
002342,4
002343,4
002344,4
002345,4
002346,4
002347,4
002348,4
002349,4
002350,4
002351,4
002352,4
002353,4
002354,4
002355,4
002356,4
002357,4
002358,4
002359,4
002360,4
002361,4
002362,4
002363,4
002364,4
002365,4
002366,4
002367,4
002368,4
002369,4
002370,4
002371,4
002372,4
002373,4
002374,4
002375,4
002376,4
002377,4
002378,4
002379,4
002380,4
002381,4
002382,4
002383,4
002384,4
002385,4
002386,4
002387,4
002388,4
002389,4
002390,4
002391,4
002392,4
002393,4
002394,4
002395,4
002396,4
002397,4
002398,4
002399,4
002400,4
002401,4
002402,4
002403,4
002404,4
002405,4
002406,4
002407,4
002408,4
002409,4
002410,4
002411,4
002412,4
002413,4
002414,4
002415,4
002416,4
002417,4
002418,4
002419,4
002420,4
002421,4
002422,4
002423,4
002424,4
002425,4
002426,4
002427,4
002428,4
002429,4
002430,4
002431,4
002432,4
002433,4
002434,4
002435,4
002436,4
002437,4
002438,4
002439,4
002440,4
002441,4
002442,4
002443,4
002444,4
002445,4
002446,4
002447,4
002448,4
002449,4
002450,4
002451,4
002452,4
002453,4
002454,4
002455,4
002456,4
002457,4
002458,4
002459,4
002460,4
002461,4
002462,4
002463,4
002464,4
002465,4
002466,4
002467,4
002468,4
002469,4
002470,4
002471,4
002472,4
002473,4
002474,4
002475,4
002476,4
002477,4
002478,4
002479,4
002480,4
002481,4
002482,4
002483,4
002484,4
002485,4
002486,4
002487,4
002488,4
002489,4
002490,4
002491,4
002492,4
002493,4
002494,4
002495,4
002496,4
002497,4
002498,4
002499,4
002500,4
002501,4
002502,4
002503,4
002504,4
002505,4
002506,4
002507,4
002508,4
002509,4
002510,4
002511,4
002512,4
002513,4
002514,4
002515,4
002516,4
002517,4
002518,4
002519,4
002520,4
002521,4
002522,4
002523,4
002524,4
002526,4
002527,4
002528,4
002529,4
002530,4
002531,4
002532,4
002533,4
002534,4
002535,4
002536,4
002537,4
002538,4
002539,4
002540,4
002541,4
002542,4
002543,4
002544,4
002545,4
002546,4
002547,4
002548,4
002549,4
002550,4
002551,4
002552,4
002553,4
002554,4
002555,4
002556,4
002557,4
002558,4
002559,4
002560,4
002561,4
002562,4
002563,4
002564,4
002565,4
002566,4
002567,4
002568,4
002569,4
002570,4
002571,4
002572,4
002573,4
002574,4
002575,4
002576,4
002577,4
002578,4
002579,4
002580,4
002581,4
002582,4
002583,4
002584,4
002585,4
002586,4
002587,4
002588,4
002589,4
002590,4
002591,4
002592,4
002593,4
002594,4
002595,4
002596,4
002597,4
002598,4
002599,4
002600,4
002601,4
002602,4
002603,4
002604,4
002605,4
002606,4
002607,4
002608,4
002609,4
002610,4
002611,4
002612,4
002613,4
002614,4
002615,4
002616,4
002617,4
002618,4
002619,4
002620,4
002621,4
002622,4
002623,4
002624,4
002625,4
002626,4
002627,4
002628,4
002629,4
002630,4
002631,4
002632,4
002633,4
002634,4
002635,4
002636,4
002637,4
002638,4
002639,4
002640,4
002641,4
002642,4
002643,4
002644,4
002645,4
002646,4
002647,4
002648,4
002649,4
002650,4
002651,4
002652,4
002653,4
002654,4
002655,4
002656,4
002657,4
002658,4
002659,4
002660,4
002661,4
002662,4
002663,4
002664,4
002665,4
002666,4
002667,4
002668,4
002669,4
002670,4
002671,4
002672,4
002673,4
002674,4
002675,4
002676,4
002677,4
002678,4
002679,4
002680,4
002681,4
002682,4
002683,4
002684,4
002685,4
002686,4
002687,4
002688,4
002689,4
002690,4
002691,4
002692,4
002693,4
002694,4
002695,4
002696,4
002697,4
002698,4
002699,4
002700,4
002701,4
002702,4
002703,4
002705,4
002706,4
002707,4
002708,4
002709,4
002711,4
002712,4
002713,4
002714,4
002715,4
002716,4
002717,4
002718,4
002719,4
002721,4
002722,4
002723,4
002724,4
002725,4
002726,4
002727,4
002728,4
002729,4
002730,4
002731,4
002732,4
002733,4
002734,4
002735,4
002736,4
002737,4
002738,4
002739,4
002740,4
002741,4
002742,4
002743,4
002745,4
002746,4
002747,4
002748,4
002749,4
002750,4
002751,4
002752,4
002753,4
002755,4
002756,4
002757,4
002758,4
002759,4
002760,4
002761,4
002762,4
002763,4
002765,4
002766,4
002767,4
002768,4
002769,4
002770,4
002771,4
002772,4
002773,4
002774,4
002775,4
002776,4
002777,4
002778,4
002779,4
002780,4
002781,4
002782,4
002783,4
002785,4
002786,4
002787,4
002788,4
002789,4
002790,4
002791,4
002792,4
002793,4
002795,4
002796,4
002797,4
002798,4
002799,4
002800,4
002801,4
002802,4
002803,4
002805,4
002806,4
002807,4
002808,4
002809,4
002810,4
002811,4
002812,4
002813,4
002815,4
002816,4
002817,4
002818,4
002819,4
002820,4
002821,4
002822,4
002823,4
002824,4
002825,4
002826,4
002827,4
002828,4
002829,4
002830,4
002831,4
002832,4
002833,4
002835,4
002836,4
002837,4
002838,4
002839,4
002840,4
002841,4
002842,4
002843,4
002845,4
002846,4
002847,4
002848,4
002849,4
002850,4
002851,4
002852,4
002853,4
002855,4
002856,4
002857,4
002858,4
002859,4
002860,4
002861,4
002862,4
002863,4
002864,4
002865,4
002866,4
002867,4
002868,4
002869,4
002870,4
002871,4
002872,4
002873,4
002875,4
002876,4
002877,4
002878,4
002879,4
002880,4
002881,4
002882,4
002883,4
002884,4
002885,4
002886,4
002887,4
002888,4
002889,4
002890,4
002891,4
002892,4
002893,4
002895,4
002896,4
002897,4
002898,4
002899,4
002900,4
002901,4
002902,4
002903,4
002905,4
002906,4
002907,4
002908,4
002909,4
002910,4
002911,4
002912,4
002913,4
002915,4
002916,4
002917,4
002918,4
002919,4
002920,4
002921,4
002922,4
002923,4
002925,4
002926,4
002927,4
002928,4
002929,4
002930,4
002931,4
002932,4
002933,4
002935,4
002936,4
002937,4
002938,4
002939,4
002940,4
002941,4
002942,4
002943,4
002945,4
002946,4
002947,4
002948,4
002949,4
002950,4
002951,4
002952,4
002953,4
002955,4
002956,4
002957,4
002958,4
002959,4
002960,4
002961,4
002962,4
002963,4
002965,4
002966,4
002967,4
002968,4
002969,4
002970,4
002971,4
002972,4
002973,4
002975,4
002976,4
002977,4
003816,4
200002,8
200003,8
200011,8
200012,8
200013,8
200015,8
200016,8
200017,8
200018,8
200019,8
200020,8
200022,8
200024,8
200025,8
200026,8
200028,8
200029,8
200030,8
200037,8
200039,8
200041,8
200045,8
200053,8
200054,8
200055,8
200056,8
200057,8
200058,8
200152,8
200160,8
200168,8
200413,8
200418,8
200429,8
200468,8
200488,8
200505,8
200512,8
200513,8
200521,8
200530,8
200539,8
200541,8
200550,8
200553,8
200570,8
200581,8
200596,8
200613,8
200625,8
200706,8
200725,8
200726,8
200761,8
200770,8
200771,8
200869,8
200986,8
200992,8
201872,8
300001,16
300002,16
300003,16
300004,16
300005,16
300006,16
300007,16
300008,16
300009,16
300010,16
300011,16
300012,16
300013,16
300014,16
300015,16
300016,16
300017,16
300018,16
300019,16
300020,16
300021,16
300022,16
300023,16
300024,16
300025,16
300026,16
300027,16
300028,16
300029,16
300030,16
300031,16
300032,16
300033,16
300034,16
300035,16
300036,16
300037,16
300038,16
300039,16
300040,16
300041,16
300042,16
300043,16
300044,16
300045,16
300046,16
300047,16
300048,16
300049,16
300050,16
300051,16
300052,16
300053,16
300054,16
300055,16
300056,16
300057,16
300058,16
300059,16
300061,16
300062,16
300063,16
300064,16
300065,16
300066,16
300067,16
300068,16
300069,16
300070,16
300071,16
300072,16
300073,16
300074,16
300075,16
300076,16
300077,16
300078,16
300079,16
300080,16
300081,16
300082,16
300083,16
300084,16
300085,16
300086,16
300087,16
300088,16
300089,16
300090,16
300091,16
300092,16
300093,16
300094,16
300095,16
300096,16
300097,16
300098,16
300099,16
300100,16
300101,16
300102,16
300103,16
300104,16
300105,16
300106,16
300107,16
300108,16
300109,16
300110,16
300111,16
300112,16
300113,16
300114,16
300115,16
300116,16
300117,16
300118,16
300119,16
300120,16
300121,16
300122,16
300123,16
300124,16
300125,16
300126,16
300127,16
300128,16
300129,16
300130,16
300131,16
300132,16
300133,16
300134,16
300135,16
300136,16
300137,16
300138,16
300139,16
300140,16
300141,16
300142,16
300143,16
300144,16
300145,16
300146,16
300147,16
300148,16
300149,16
300150,16
300151,16
300152,16
300153,16
300154,16
300155,16
300156,16
300157,16
300158,16
300159,16
300160,16
300161,16
300162,16
300163,16
300164,16
300165,16
300166,16
300167,16
300168,16
300169,16
300170,16
300171,16
300172,16
300173,16
300174,16
300175,16
300176,16
300177,16
300178,16
300179,16
300180,16
300181,16
300182,16
300183,16
300184,16
300185,16
300186,16
300187,16
300188,16
300189,16
300190,16
300191,16
300192,16
300193,16
300194,16
300195,16
300196,16
300197,16
300198,16
300199,16
300200,16
300201,16
300202,16
300203,16
300204,16
300205,16
300206,16
300207,16
300208,16
300209,16
300210,16
300211,16
300212,16
300213,16
300214,16
300215,16
300216,16
300217,16
300218,16
300219,16
300220,16
300221,16
300222,16
300223,16
300224,16
300225,16
300226,16
300227,16
300228,16
300229,16
300230,16
300231,16
300232,16
300233,16
300234,16
300235,16
300236,16
300237,16
300238,16
300239,16
300240,16
300241,16
300242,16
300243,16
300244,16
300245,16
300246,16
300247,16
300248,16
300249,16
300250,16
300251,16
300252,16
300253,16
300254,16
300255,16
300256,16
300257,16
300258,16
300259,16
300260,16
300261,16
300262,16
300263,16
300264,16
300265,16
300266,16
300267,16
300268,16
300269,16
300270,16
300271,16
300272,16
300273,16
300274,16
300275,16
300276,16
300277,16
300278,16
300279,16
300280,16
300281,16
300282,16
300283,16
300284,16
300285,16
300286,16
300287,16
300288,16
300289,16
300290,16
300291,16
300292,16
300293,16
300294,16
300295,16
300296,16
300297,16
300298,16
300299,16
300300,16
300301,16
300302,16
300303,16
300304,16
300305,16
300306,16
300307,16
300308,16
300309,16
300310,16
300311,16
300312,16
300313,16
300314,16
300315,16
300316,16
300317,16
300318,16
300319,16
300320,16
300321,16
300322,16
300323,16
300324,16
300325,16
300326,16
300327,16
300328,16
300329,16
300330,16
300331,16
300332,16
300333,16
300334,16
300335,16
300336,16
300337,16
300338,16
300339,16
300340,16
300341,16
300342,16
300343,16
300344,16
300345,16
300346,16
300347,16
300348,16
300349,16
300350,16
300351,16
300352,16
300353,16
300354,16
300355,16
300356,16
300357,16
300358,16
300359,16
300360,16
300362,16
300363,16
300364,16
300365,16
300366,16
300367,16
300368,16
300369,16
300370,16
300371,16
300372,16
300373,16
300374,16
300375,16
300376,16
300377,16
300378,16
300379,16
300380,16
300381,16
300382,16
300383,16
300384,16
300385,16
300386,16
300387,16
300388,16
300389,16
300390,16
300391,16
300392,16
300393,16
300394,16
300395,16
300396,16
300397,16
300398,16
300399,16
300400,16
300401,16
300402,16
300403,16
300404,16
300405,16
300406,16
300407,16
300408,16
300409,16
300410,16
300411,16
300412,16
300413,16
300414,16
300415,16
300416,16
300417,16
300418,16
300419,16
300420,16
300421,16
300422,16
300423,16
300424,16
300425,16
300426,16
300427,16
300428,16
300429,16
300430,16
300431,16
300432,16
300433,16
300434,16
300435,16
300436,16
300437,16
300438,16
300439,16
300440,16
300441,16
300442,16
300443,16
300444,16
300445,16
300446,16
300447,16
300448,16
300449,16
300450,16
300451,16
300452,16
300453,16
300454,16
300455,16
300456,16
300457,16
300458,16
300459,16
300460,16
300461,16
300462,16
300463,16
300464,16
300465,16
300466,16
300467,16
300468,16
300469,16
300470,16
300471,16
300472,16
300473,16
300474,16
300475,16
300476,16
300477,16
300478,16
300479,16
300480,16
300481,16
300482,16
300483,16
300484,16
300485,16
300486,16
300487,16
300488,16
300489,16
300490,16
300491,16
300492,16
300493,16
300494,16
300495,16
300496,16
300497,16
300498,16
300499,16
300500,16
300501,16
300502,16
300503,16
300504,16
300505,16
300506,16
300507,16
300508,16
300509,16
300510,16
300511,16
300512,16
300513,16
300514,16
300515,16
300516,16
300517,16
300518,16
300519,16
300520,16
300521,16
300522,16
300523,16
300525,16
300526,16
300527,16
300528,16
300529,16
300530,16
300531,16
300532,16
300533,16
300534,16
300535,16
300536,16
300537,16
300538,16
300539,16
300540,16
300541,16
300542,16
300543,16
300545,16
300546,16
300547,16
300548,16
300549,16
300550,16
300551,16
300552,16
300553,16
300554,16
300555,16
300556,16
300557,16
300558,16
300559,16
300560,16
300561,16
300562,16
300563,16
300564,16
300565,16
300566,16
300567,16
300568,16
300569,16
300570,16
300571,16
300572,16
300573,16
300575,16
300576,16
300577,16
300578,16
300579,16
300580,16
300581,16
300582,16
300583,16
300584,16
300585,16
300586,16
300587,16
300588,16
300589,16
300590,16
300591,16
300592,16
300593,16
300594,16
300595,16
300596,16
300597,16
300598,16
300599,16
300600,16
300601,16
300602,16
300603,16
300604,16
300605,16
300606,16
300607,16
300608,16
300609,16
300610,16
300611,16
300612,16
300613,16
300615,16
300616,16
300617,16
300618,16
300619,16
300620,16
300621,16
300622,16
300623,16
300624,16
300625,16
300626,16
300627,16
300628,16
300629,16
300630,16
300631,16
300632,16
300633,16
300634,16
300635,16
300636,16
300637,16
300638,16
300639,16
300640,16
300641,16
300642,16
300643,16
300644,16
300645,16
300647,16
300648,16
300649,16
300650,16
300651,16
300652,16
300653,16
300654,16
300655,16
300656,16
300657,16
300658,16
300659,16
300660,16
300661,16
300662,16
300663,16
300664,16
300665,16
300666,16
300667,16
300668,16
300669,16
300670,16
300671,16
300672,16
300673,16
300674,16
300675,16
300676,16
300677,16
300678,16
300679,16
300680,16
300681,16
300682,16
300683,16
300684,16
300685,16
300686,16
300687,16
300688,16
300689,16
300690,16
300691,16
300692,16
300693,16
300694,16
300695,16
300696,16
300697,16
300698,16
300699,16
300700,16
300701,16
300702,16
300703,16
300705,16
300706,16
300707,16
300708,16
300709,16
300710,16
300711,16
300712,16
300713,16
300715,16
300716,16
300717,16
300718,16
300719,16
300720,16
300721,16
300722,16
300723,16
300724,16
300725,16
300726,16
300727,16
300729,16
300730,16
300731,16
300732,16
300733,16
300735,16
300736,16
300737,16
300738,16
300739,16
300740,16
300741,16
300742,16
300743,16
300745,16
300746,16
300747,16
300748,16
300749,16
300750,16
300751,16
300752,16
300753,16
300755,16
300756,16
300757,16
300758,16
300759,16
300760,16
300761,16
300762,16
300763,16
300765,16
300766,16
300767,16
300768,16
300769,16
300770,16
300771,16
300772,16
300773,16
300775,16
300776,16
300777,16
300778,16
300779,16
300780,16
300781,16
300782,16
300783,16
300785,16
300786,16
300787,16
300788,16
300789,16
300790,16
300791,16
300792,16
300793,16
300795,16
300796,16
300797,16
300798,16
300799,16
300800,16
300801,16
300802,16
300803,16
300805,16
300806,16
300807,16
300808,16
300809,16
300810,16
300811,16
300812,16
300813,16
300815,16
300816,16
300817,16
300818,16
300819,16
300820,16
300821,16
300822,16
300823,16
300825,16
300826,16
600000,1
600001,1
600002,1
600003,1
600004,1
600005,1
600006,1
600007,1
600008,1
600009,1
600010,1
600011,1
600012,1
600015,1
600016,1
600017,1
600018,1
600019,1
600020,1
600021,1
600022,1
600023,1
600025,1
600026,1
600027,1
600028,1
600029,1
600030,1
600031,1
600033,1
600035,1
600036,1
600037,1
600038,1
600039,1
600048,1
600050,1
600051,1
600052,1
600053,1
600054,1
600055,1
600056,1
600057,1
600058,1
600059,1
600060,1
600061,1
600062,1
600063,1
600064,1
600065,1
600066,1
600067,1
600068,1
600069,1
600070,1
600071,1
600072,1
600073,1
600074,1
600075,1
600076,1
600077,1
600078,1
600079,1
600080,1
600081,1
600082,1
600083,1
600084,1
600085,1
600086,1
600087,1
600088,1
600089,1
600090,1
600091,1
600092,1
600093,1
600094,1
600095,1
600096,1
600097,1
600098,1
600099,1
600100,1
600101,1
600102,1
600103,1
600104,1
600105,1
600106,1
600107,1
600108,1
600109,1
600110,1
600111,1
600112,1
600113,1
600114,1
600115,1
600116,1
600117,1
600118,1
600119,1
600120,1
600121,1
600122,1
600123,1
600125,1
600126,1
600127,1
600128,1
600129,1
600130,1
600131,1
600132,1
600133,1
600135,1
600136,1
600137,1
600138,1
600139,1
600141,1
600143,1
600145,1
600146,1
600148,1
600149,1
600150,1
600151,1
600152,1
600153,1
600155,1
600156,1
600157,1
600158,1
600159,1
600160,1
600161,1
600162,1
600163,1
600165,1
600166,1
600167,1
600168,1
600169,1
600170,1
600171,1
600172,1
600173,1
600175,1
600176,1
600177,1
600178,1
600179,1
600180,1
600181,1
600182,1
600183,1
600184,1
600185,1
600186,1
600187,1
600188,1
600189,1
600190,1
600191,1
600192,1
600193,1
600195,1
600196,1
600197,1
600198,1
600199,1
600200,1
600201,1
600202,1
600203,1
600205,1
600206,1
600207,1
600208,1
600209,1
600210,1
600211,1
600212,1
600213,1
600215,1
600216,1
600217,1
600218,1
600219,1
600220,1
600221,1
600222,1
600223,1
600225,1
600226,1
600227,1
600228,1
600229,1
600230,1
600231,1
600232,1
600233,1
600234,1
600235,1
600236,1
600237,1
600238,1
600239,1
600240,1
600241,1
600242,1
600243,1
600246,1
600247,1
600248,1
600249,1
600250,1
600251,1
600252,1
600253,1
600255,1
600256,1
600257,1
600258,1
600259,1
600260,1
600261,1
600262,1
600263,1
600265,1
600266,1
600267,1
600268,1
600269,1
600270,1
600271,1
600272,1
600273,1
600275,1
600276,1
600277,1
600278,1
600279,1
600280,1
600281,1
600282,1
600283,1
600284,1
600285,1
600286,1
600287,1
600288,1
600289,1
600290,1
600291,1
600292,1
600293,1
600295,1
600296,1
600297,1
600298,1
600299,1
600300,1
600301,1
600302,1
600303,1
600305,1
600306,1
600307,1
600308,1
600309,1
600310,1
600311,1
600312,1
600313,1
600315,1
600316,1
600317,1
600318,1
600319,1
600320,1
600321,1
600322,1
600323,1
600325,1
600326,1
600327,1
600328,1
600329,1
600330,1
600331,1
600332,1
600333,1
600335,1
600336,1
600337,1
600338,1
600339,1
600340,1
600343,1
600345,1
600346,1
600348,1
600350,1
600351,1
600352,1
600353,1
600354,1
600355,1
600356,1
600357,1
600358,1
600359,1
600360,1
600361,1
600362,1
600363,1
600365,1
600366,1
600367,1
600368,1
600369,1
600370,1
600371,1
600372,1
600373,1
600375,1
600376,1
600377,1
600378,1
600379,1
600380,1
600381,1
600382,1
600383,1
600385,1
600386,1
600387,1
600388,1
600389,1
600390,1
600391,1
600392,1
600393,1
600395,1
600396,1
600397,1
600398,1
600399,1
600400,1
600401,1
600403,1
600405,1
600406,1
600408,1
600409,1
600410,1
600415,1
600416,1
600418,1
600419,1
600420,1
600421,1
600422,1
600423,1
600425,1
600426,1
600428,1
600429,1
600432,1
600433,1
600435,1
600436,1
600438,1
600439,1
600444,1
600446,1
600448,1
600449,1
600452,1
600455,1
600456,1
600458,1
600459,1
600460,1
600461,1
600462,1
600463,1
600466,1
600467,1
600468,1
600469,1
600470,1
600472,1
600475,1
600476,1
600477,1
600478,1
600479,1
600480,1
600481,1
600482,1
600483,1
600485,1
600486,1
600487,1
600488,1
600489,1
600490,1
600491,1
600493,1
600495,1
600496,1
600497,1
600498,1
600499,1
600500,1
600501,1
600502,1
600503,1
600505,1
600506,1
600507,1
600508,1
600509,1
600510,1
600511,1
600512,1
600513,1
600515,1
600516,1
600517,1
600518,1
600519,1
600520,1
600521,1
600522,1
600523,1
600525,1
600526,1
600527,1
600528,1
600529,1
600530,1
600531,1
600532,1
600533,1
600535,1
600536,1
600537,1
600538,1
600539,1
600540,1
600543,1
600545,1
600546,1
600547,1
600548,1
600549,1
600550,1
600551,1
600552,1
600553,1
600555,1
600556,1
600557,1
600558,1
600559,1
600560,1
600561,1
600562,1
600563,1
600565,1
600566,1
600567,1
600568,1
600569,1
600570,1
600571,1
600572,1
600573,1
600575,1
600576,1
600577,1
600578,1
600579,1
600580,1
600581,1
600582,1
600583,1
600584,1
600585,1
600586,1
600587,1
600588,1
600589,1
600590,1
600591,1
600592,1
600593,1
600594,1
600595,1
600596,1
600597,1
600598,1
600599,1
600600,1
600601,1
600602,1
600603,1
600604,1
600605,1
600606,1
600607,1
600608,1
600609,1
600610,1
600611,1
600612,1
600613,1
600614,1
600615,1
600616,1
600617,1
600618,1
600619,1
600620,1
600621,1
600622,1
600623,1
600624,1
600625,1
600626,1
600627,1
600628,1
600629,1
600630,1
600631,1
600632,1
600633,1
600634,1
600635,1
600636,1
600637,1
600638,1
600639,1
600640,1
600641,1
600642,1
600643,1
600644,1
600645,1
600646,1
600647,1
600648,1
600649,1
600650,1
600651,1
600652,1
600653,1
600654,1
600655,1
600656,1
600657,1
600658,1
600659,1
600660,1
600661,1
600662,1
600663,1
600664,1
600665,1
600666,1
600667,1
600668,1
600669,1
600670,1
600671,1
600672,1
600673,1
600674,1
600675,1
600676,1
600677,1
600678,1
600679,1
600680,1
600681,1
600682,1
600683,1
600684,1
600685,1
600686,1
600687,1
600688,1
600689,1
600690,1
600691,1
600692,1
600693,1
600694,1
600695,1
600696,1
600697,1
600698,1
600699,1
600700,1
600701,1
600702,1
600703,1
600704,1
600705,1
600706,1
600707,1
600708,1
600709,1
600710,1
600711,1
600712,1
600713,1
600714,1
600715,1
600716,1
600717,1
600718,1
600719,1
600720,1
600721,1
600722,1
600723,1
600724,1
600725,1
600726,1
600727,1
600728,1
600729,1
600730,1
600731,1
600732,1
600733,1
600734,1
600735,1
600736,1
600737,1
600738,1
600739,1
600740,1
600741,1
600742,1
600743,1
600744,1
600745,1
600746,1
600747,1
600748,1
600749,1
600750,1
600751,1
600752,1
600753,1
600754,1
600755,1
600756,1
600757,1
600758,1
600759,1
600760,1
600761,1
600762,1
600763,1
600764,1
600765,1
600766,1
600767,1
600768,1
600769,1
600770,1
600771,1
600772,1
600773,1
600774,1
600775,1
600776,1
600777,1
600778,1
600779,1
600780,1
600781,1
600782,1
600783,1
600784,1
600785,1
600786,1
600787,1
600788,1
600789,1
600790,1
600791,1
600792,1
600793,1
600794,1
600795,1
600796,1
600797,1
600798,1
600799,1
600800,1
600801,1
600802,1
600803,1
600804,1
600805,1
600806,1
600807,1
600808,1
600809,1
600810,1
600811,1
600812,1
600813,1
600814,1
600815,1
600816,1
600817,1
600818,1
600819,1
600820,1
600821,1
600822,1
600823,1
600824,1
600825,1
600826,1
600827,1
600828,1
600829,1
600830,1
600831,1
600832,1
600833,1
600834,1
600835,1
600836,1
600837,1
600838,1
600839,1
600840,1
600841,1
600842,1
600843,1
600844,1
600845,1
600846,1
600847,1
600848,1
600849,1
600850,1
600851,1
600852,1
600853,1
600854,1
600855,1
600856,1
600857,1
600858,1
600859,1
600860,1
600861,1
600862,1
600863,1
600864,1
600865,1
600866,1
600867,1
600868,1
600869,1
600870,1
600871,1
600872,1
600873,1
600874,1
600875,1
600876,1
600877,1
600878,1
600879,1
600880,1
600881,1
600882,1
600883,1
600884,1
600885,1
600886,1
600887,1
600888,1
600889,1
600890,1
600891,1
600892,1
600893,1
600894,1
600895,1
600896,1
600897,1
600898,1
600899,1
600900,1
600901,1
600903,1
600908,1
600909,1
600917,1
600919,1
600926,1
600928,1
600929,1
600933,1
600936,1
600939,1
600958,1
600959,1
600960,1
600961,1
600962,1
600963,1
600965,1
600966,1
600967,1
600968,1
600969,1
600970,1
600971,1
600973,1
600975,1
600976,1
600977,1
600978,1
600979,1
600980,1
600981,1
600982,1
600983,1
600984,1
600985,1
600986,1
600987,1
600988,1
600989,1
600990,1
600991,1
600992,1
600993,1
600995,1
600996,1
600997,1
600998,1
600999,1
601000,1
601001,1
601002,1
601003,1
601005,1
601006,1
601007,1
601008,1
601009,1
601010,1
601011,1
601012,1
601015,1
601016,1
601018,1
601019,1
601020,1
601021,1
601028,1
601038,1
601058,1
601066,1
601068,1
601069,1
601077,1
601086,1
601088,1
601098,1
601099,1
601100,1
601101,1
601106,1
601107,1
601108,1
601111,1
601113,1
601116,1
601117,1
601118,1
601126,1
601127,1
601128,1
601137,1
601138,1
601139,1
601155,1
601158,1
601162,1
601163,1
601166,1
601168,1
601169,1
601177,1
601179,1
601186,1
601188,1
601198,1
601199,1
601200,1
601208,1
601211,1
601212,1
601216,1
601218,1
601222,1
601225,1
601226,1
601228,1
601229,1
601231,1
601233,1
601236,1
601238,1
601258,1
601268,1
601288,1
601298,1
601299,1
601311,1
601313,1
601318,1
601319,1
601326,1
601328,1
601330,1
601333,1
601336,1
601339,1
601360,1
601366,1
601368,1
601369,1
601375,1
601377,1
601388,1
601390,1
601398,1
601500,1
601512,1
601515,1
601518,1
601519,1
601555,1
601558,1
601566,1
601567,1
601577,1
601579,1
601588,1
601595,1
601598,1
601599,1
601600,1
601601,1
601606,1
601607,1
601608,1
601611,1
601615,1
601616,1
601618,1
601619,1
601628,1
601633,1
601636,1
601658,1
601666,1
601668,1
601669,1
601677,1
601678,1
601688,1
601689,1
601696,1
601698,1
601699,1
601700,1
601717,1
601718,1
601727,1
601766,1
601777,1
601788,1
601789,1
601798,1
601799,1
601800,1
601801,1
601808,1
601811,1
601816,1
601818,1
601828,1
601838,1
601857,1
601858,1
601860,1
601865,1
601866,1
601869,1
601872,1
601877,1
601878,1
601880,1
601881,1
601882,1
601886,1
601888,1
601890,1
601898,1
601899,1
601900,1
601901,1
601908,1
601916,1
601918,1
601919,1
601928,1
601929,1
601933,1
601939,1
601949,1
601952,1
601958,1
601965,1
601966,1
601968,1
601969,1
601975,1
601985,1
601988,1
601989,1
601990,1
601991,1
601992,1
601996,1
601997,1
601998,1
601999,1
603000,1
603001,1
603002,1
603003,1
603005,1
603006,1
603007,1
603008,1
603009,1
603010,1
603011,1
603012,1
603013,1
603015,1
603016,1
603017,1
603018,1
603019,1
603020,1
603021,1
603022,1
603023,1
603025,1
603026,1
603027,1
603028,1
603029,1
603030,1
603031,1
603032,1
603033,1
603035,1
603036,1
603037,1
603038,1
603039,1
603040,1
603041,1
603042,1
603043,1
603045,1
603050,1
603053,1
603055,1
603056,1
603058,1
603059,1
603060,1
603063,1
603066,1
603067,1
603068,1
603069,1
603076,1
603077,1
603078,1
603079,1
603080,1
603081,1
603083,1
603085,1
603086,1
603088,1
603089,1
603090,1
603093,1
603096,1
603098,1
603099,1
603100,1
603101,1
603103,1
603105,1
603106,1
603108,1
603109,1
603110,1
603111,1
603113,1
603115,1
603116,1
603117,1
603118,1
603121,1
603123,1
603126,1
603127,1
603128,1
603129,1
603131,1
603133,1
603136,1
603138,1
603139,1
603156,1
603157,1
603158,1
603159,1
603160,1
603161,1
603165,1
603166,1
603167,1
603168,1
603169,1
603177,1
603178,1
603179,1
603180,1
603181,1
603183,1
603185,1
603186,1
603187,1
603188,1
603189,1
603192,1
603195,1
603196,1
603197,1
603198,1
603199,1
603200,1
603203,1
603208,1
603214,1
603217,1
603218,1
603220,1
603221,1
603222,1
603223,1
603225,1
603226,1
603227,1
603228,1
603229,1
603232,1
603233,1
603236,1
603238,1
603239,1
603256,1
603258,1
603259,1
603260,1
603266,1
603267,1
603268,1
603269,1
603277,1
603278,1
603279,1
603283,1
603286,1
603288,1
603289,1
603290,1
603297,1
603298,1
603299,1
603300,1
603301,1
603303,1
603305,1
603306,1
603308,1
603309,1
603311,1
603313,1
603315,1
603316,1
603317,1
603318,1
603319,1
603320,1
603321,1
603322,1
603323,1
603326,1
603327,1
603328,1
603329,1
603330,1
603331,1
603332,1
603333,1
603335,1
603336,1
603337,1
603338,1
603339,1
603345,1
603348,1
603351,1
603355,1
603356,1
603357,1
603358,1
603359,1
603360,1
603363,1
603365,1
603366,1
603367,1
603368,1
603369,1
603377,1
603378,1
603379,1
603380,1
603383,1
603385,1
603386,1
603387,1
603388,1
603389,1
603390,1
603393,1
603396,1
603398,1
603399,1
603416,1
603421,1
603429,1
603444,1
603456,1
603458,1
603466,1
603477,1
603486,1
603488,1
603489,1
603496,1
603499,1
603500,1
603501,1
603505,1
603506,1
603507,1
603508,1
603515,1
603516,1
603517,1
603518,1
603519,1
603520,1
603527,1
603528,1
603530,1
603533,1
603535,1
603536,1
603538,1
603551,1
603555,1
603556,1
603557,1
603558,1
603559,1
603566,1
603567,1
603568,1
603569,1
603577,1
603578,1
603579,1
603580,1
603583,1
603585,1
603586,1
603587,1
603588,1
603589,1
603590,1
603595,1
603596,1
603598,1
603599,1
603600,1
603601,1
603602,1
603603,1
603605,1
603606,1
603607,1
603608,1
603609,1
603610,1
603611,1
603612,1
603613,1
603615,1
603616,1
603617,1
603618,1
603619,1
603626,1
603628,1
603629,1
603630,1
603633,1
603636,1
603637,1
603638,1
603639,1
603648,1
603650,1
603655,1
603656,1
603657,1
603658,1
603659,1
603660,1
603661,1
603662,1
603663,1
603665,1
603666,1
603667,1
603668,1
603669,1
603676,1
603677,1
603678,1
603679,1
603680,1
603681,1
603683,1
603685,1
603686,1
603687,1
603688,1
603689,1
603690,1
603693,1
603696,1
603697,1
603698,1
603699,1
603700,1
603701,1
603703,1
603706,1
603707,1
603708,1
603709,1
603711,1
603712,1
603713,1
603716,1
603717,1
603718,1
603719,1
603721,1
603722,1
603725,1
603726,1
603727,1
603728,1
603729,1
603730,1
603733,1
603737,1
603738,1
603739,1
603755,1
603757,1
603758,1
603766,1
603767,1
603768,1
603773,1
603776,1
603777,1
603778,1
603779,1
603786,1
603787,1
603788,1
603789,1
603790,1
603797,1
603798,1
603799,1
603800,1
603801,1
603803,1
603806,1
603808,1
603809,1
603810,1
603811,1
603813,1
603815,1
603816,1
603817,1
603818,1
603819,1
603822,1
603823,1
603825,1
603826,1
603828,1
603829,1
603833,1
603838,1
603839,1
603843,1
603848,1
603855,1
603856,1
603858,1
603859,1
603860,1
603861,1
603863,1
603866,1
603867,1
603868,1
603869,1
603871,1
603876,1
603877,1
603878,1
603879,1
603880,1
603881,1
603882,1
603883,1
603885,1
603886,1
603887,1
603888,1
603889,1
603890,1
603893,1
603895,1
603896,1
603897,1
603898,1
603899,1
603900,1
603901,1
603903,1
603906,1
603908,1
603909,1
603912,1
603915,1
603916,1
603917,1
603918,1
603919,1
603920,1
603922,1
603926,1
603927,1
603928,1
603929,1
603933,1
603936,1
603937,1
603938,1
603939,1
603948,1
603949,1
603955,1
603956,1
603958,1
603959,1
603960,1
603963,1
603966,1
603967,1
603968,1
603969,1
603970,1
603976,1
603977,1
603978,1
603979,1
603980,1
603982,1
603983,1
603985,1
603986,1
603987,1
603988,1
603989,1
603990,1
603991,1
603992,1
603993,1
603995,1
603996,1
603997,1
603998,1
603999,1
688001,32
688002,32
688003,32
688005,32
688006,32
688007,32
688008,32
688009,32
688010,32
688011,32
688012,32
688015,32
688016,32
688018,32
688019,32
688020,32
688021,32
688022,32
688023,32
688025,32
688026,32
688028,32
688029,32
688030,32
688033,32
688036,32
688037,32
688039,32
688051,32
688058,32
688066,32
688068,32
688078,32
688080,32
688081,32
688086,32
688088,32
688089,32
688090,32
688098,32
688099,32
688100,32
688101,32
688108,32
688111,32
688116,32
688118,32
688122,32
688123,32
688128,32
688138,32
688139,32
688158,32
688159,32
688166,32
688168,32
688169,32
688177,32
688178,32
688181,32
688186,32
688188,32
688189,32
688196,32
688198,32
688199,32
688200,32
688202,32
688208,32
688218,32
688228,32
688233,32
688258,32
688266,32
688268,32
688278,32
688288,32
688298,32
688299,32
688300,32
688310,32
688321,32
688333,32
688357,32
688358,32
688363,32
688366,32
688368,32
688369,32
688388,32
688389,32
688396,32
688398,32
688399,32
900901,2
900902,2
900903,2
900904,2
900905,2
900906,2
900907,2
900908,2
900909,2
900910,2
900911,2
900912,2
900913,2
900914,2
900915,2
900916,2
900917,2
900918,2
900919,2
900920,2
900921,2
900922,2
900923,2
900924,2
900925,2
900926,2
900927,2
900928,2
900929,2
900930,2
900931,2
900932,2
900933,2
900934,2
900935,2
900936,2
900937,2
900938,2
900939,2
900940,2
900941,2
900942,2
900943,2
900945,2
900946,2
900947,2
900948,2
900949,2
900950,2
900951,2
900952,2
900953,2
900955,2
900956,2
900957,2
